x1,x2,x3,x4,x5,x6,x7,x8,x9,x10,x11,x12,x13,x14,x15,x16,x17,x18,x19,x20,x21,x22,x23,x24,x25,x26,x27,x28,x29,x30,x31,x32,x33,x34,x35,x36,x37,x38,x39,x40,x41,x42,x43,x44,x45,x46,x47,x48,x49,x50,x51,x52,x53,x54,x55,x56,x57,x58,x59,x60,x61,x62,x63,x64,x65,x66,x67,x68,x69,x70,x71,x72,x73,x74,x75,x76,x77,x78,x79,x80,x81,x82,x83,x84,x85,x86,x87,x88,x89,x90,x91,x92,x93,x94,x95,x96,x97,x98,x99,x100,x101,x102,x103,x104,x105,x106,x107,x108,x109,x110,x111,x112,x113,x114,x115,x116,x117,x118,x119,x120
384.1600000000001,0.0,0.0,0.0,0.0,0.0,0.0,0.0,0.0,0.0,0.0,0.0,0.0,0.0,0.0,0.0,0.0,0.0,0.0,0.0,0.0,0.0,0.0,0.0,0.0,0.0,0.0,0.0,0.0,0.0,0.0,0.0,0.0,0.0,0.0,0.0,0.0,0.0,0.0,0.0,0.0,0.0,0.0,0.0,0.0,0.0,0.0,0.0,0.0,0.0,0.0,0.0,0.0,0.0,0.0,0.0,0.0,0.0,0.0,0.0,0.0,0.0,0.0,0.0,0.0,0.0,0.0,0.0,0.0,0.0,0.0,0.0,0.0,0.0,0.0,0.0,0.0,0.0,0.0,0.0,0.0,0.0,0.0,0.0,0.0,0.0,0.0,0.0,0.0,0.0,0.0,0.0,0.0,0.0,0.0,0.0,0.0,0.0,0.0,0.0,0.0,0.0,0.0,0.0,0.0,0.0,0.0,0.0,0.0,0.0,0.0,0.0,0.0,0.0,0.0,0.0,0.0,0.0,0.0,0.0
0.0,144.0,0.0,0.0,0.0,0.0,0.0,0.0,0.0,0.0,0.0,0.0,0.0,0.0,0.0,0.0,0.0,0.0,0.0,0.0,0.0,0.0,0.0,0.0,0.0,0.0,0.0,0.0,0.0,0.0,0.0,0.0,0.0,0.0,0.0,0.0,0.0,0.0,0.0,0.0,0.0,0.0,0.0,0.0,0.0,0.0,0.0,0.0,0.0,0.0,0.0,0.0,0.0,0.0,0.0,0.0,0.0,0.0,0.0,0.0,0.0,0.0,0.0,0.0,0.0,0.0,0.0,0.0,0.0,0.0,0.0,0.0,0.0,0.0,0.0,0.0,0.0,0.0,0.0,0.0,0.0,0.0,0.0,0.0,0.0,0.0,0.0,0.0,0.0,0.0,0.0,0.0,0.0,0.0,0.0,0.0,0.0,0.0,0.0,0.0,0.0,0.0,0.0,0.0,0.0,0.0,0.0,0.0,0.0,0.0,0.0,0.0,0.0,0.0,0.0,0.0,0.0,0.0,0.0,0.0
0.0,0.0,686.4399999999999,0.0,0.0,0.0,0.0,0.0,0.0,0.0,0.0,0.0,0.0,0.0,0.0,0.0,0.0,0.0,0.0,0.0,0.0,0.0,0.0,0.0,0.0,0.0,0.0,0.0,0.0,0.0,0.0,0.0,0.0,0.0,0.0,0.0,0.0,0.0,0.0,0.0,0.0,0.0,0.0,0.0,0.0,0.0,0.0,0.0,0.0,0.0,0.0,0.0,0.0,0.0,0.0,0.0,0.0,0.0,0.0,0.0,0.0,0.0,0.0,0.0,0.0,0.0,0.0,0.0,0.0,0.0,0.0,0.0,0.0,0.0,0.0,0.0,0.0,0.0,0.0,0.0,0.0,0.0,0.0,0.0,0.0,0.0,0.0,0.0,0.0,0.0,0.0,0.0,0.0,0.0,0.0,0.0,0.0,0.0,0.0,0.0,0.0,0.0,0.0,0.0,0.0,0.0,0.0,0.0,0.0,0.0,0.0,0.0,0.0,0.0,0.0,0.0,0.0,0.0,0.0,0.0
0.0,0.0,0.0,64.0,0.0,0.0,0.0,0.0,0.0,0.0,0.0,0.0,0.0,0.0,0.0,0.0,0.0,0.0,0.0,0.0,0.0,0.0,0.0,0.0,0.0,0.0,0.0,0.0,0.0,0.0,0.0,0.0,0.0,0.0,0.0,0.0,0.0,0.0,0.0,0.0,0.0,0.0,0.0,0.0,0.0,0.0,0.0,0.0,0.0,0.0,0.0,0.0,0.0,0.0,0.0,0.0,0.0,0.0,0.0,0.0,0.0,0.0,0.0,0.0,0.0,0.0,0.0,0.0,0.0,0.0,0.0,0.0,0.0,0.0,0.0,0.0,0.0,0.0,0.0,0.0,0.0,0.0,0.0,0.0,0.0,0.0,0.0,0.0,0.0,0.0,0.0,0.0,0.0,0.0,0.0,0.0,0.0,0.0,0.0,0.0,0.0,0.0,0.0,0.0,0.0,0.0,0.0,0.0,0.0,0.0,0.0,0.0,0.0,0.0,0.0,0.0,0.0,0.0,0.0,0.0
0.0,0.0,0.0,0.0,16.0,0.0,0.0,0.0,0.0,0.0,0.0,0.0,0.0,0.0,0.0,0.0,0.0,0.0,0.0,0.0,0.0,0.0,0.0,0.0,0.0,0.0,0.0,0.0,0.0,0.0,0.0,0.0,0.0,0.0,0.0,0.0,0.0,0.0,0.0,0.0,0.0,0.0,0.0,0.0,0.0,0.0,0.0,0.0,0.0,0.0,0.0,0.0,0.0,0.0,0.0,0.0,0.0,0.0,0.0,0.0,0.0,0.0,0.0,0.0,0.0,0.0,0.0,0.0,0.0,0.0,0.0,0.0,0.0,0.0,0.0,0.0,0.0,0.0,0.0,0.0,0.0,0.0,0.0,0.0,0.0,0.0,0.0,0.0,0.0,0.0,0.0,0.0,0.0,0.0,0.0,0.0,0.0,0.0,0.0,0.0,0.0,0.0,0.0,0.0,0.0,0.0,0.0,0.0,0.0,0.0,0.0,0.0,0.0,0.0,0.0,0.0,0.0,0.0,0.0,0.0
0.0,0.0,0.0,0.0,0.0,25.0,0.0,0.0,0.0,0.0,0.0,0.0,0.0,0.0,0.0,0.0,0.0,0.0,0.0,0.0,0.0,0.0,0.0,0.0,0.0,0.0,0.0,0.0,0.0,0.0,0.0,0.0,0.0,0.0,0.0,0.0,0.0,0.0,0.0,0.0,0.0,0.0,0.0,0.0,0.0,0.0,0.0,0.0,0.0,0.0,0.0,0.0,0.0,0.0,0.0,0.0,0.0,0.0,0.0,0.0,0.0,0.0,0.0,0.0,0.0,0.0,0.0,0.0,0.0,0.0,0.0,0.0,0.0,0.0,0.0,0.0,0.0,0.0,0.0,0.0,0.0,0.0,0.0,0.0,0.0,0.0,0.0,0.0,0.0,0.0,0.0,0.0,0.0,0.0,0.0,0.0,0.0,0.0,0.0,0.0,0.0,0.0,0.0,0.0,0.0,0.0,0.0,0.0,0.0,0.0,0.0,0.0,0.0,0.0,0.0,0.0,0.0,0.0,0.0,0.0
0.0,0.0,0.0,0.0,0.0,0.0,876.1600000000001,0.0,0.0,0.0,0.0,0.0,0.0,0.0,0.0,0.0,0.0,0.0,0.0,0.0,0.0,0.0,0.0,0.0,0.0,0.0,0.0,0.0,0.0,0.0,0.0,0.0,0.0,0.0,0.0,0.0,0.0,0.0,0.0,0.0,0.0,0.0,0.0,0.0,0.0,0.0,0.0,0.0,0.0,0.0,0.0,0.0,0.0,0.0,0.0,0.0,0.0,0.0,0.0,0.0,0.0,0.0,0.0,0.0,0.0,0.0,0.0,0.0,0.0,0.0,0.0,0.0,0.0,0.0,0.0,0.0,0.0,0.0,0.0,0.0,0.0,0.0,0.0,0.0,0.0,0.0,0.0,0.0,0.0,0.0,0.0,0.0,0.0,0.0,0.0,0.0,0.0,0.0,0.0,0.0,0.0,0.0,0.0,0.0,0.0,0.0,0.0,0.0,0.0,0.0,0.0,0.0,0.0,0.0,0.0,0.0,0.0,0.0,0.0,0.0
0.0,0.0,0.0,0.0,0.0,0.0,0.0,196.0,0.0,0.0,0.0,0.0,0.0,0.0,0.0,0.0,0.0,0.0,0.0,0.0,0.0,0.0,0.0,0.0,0.0,0.0,0.0,0.0,0.0,0.0,0.0,0.0,0.0,0.0,0.0,0.0,0.0,0.0,0.0,0.0,0.0,0.0,0.0,0.0,0.0,0.0,0.0,0.0,0.0,0.0,0.0,0.0,0.0,0.0,0.0,0.0,0.0,0.0,0.0,0.0,0.0,0.0,0.0,0.0,0.0,0.0,0.0,0.0,0.0,0.0,0.0,0.0,0.0,0.0,0.0,0.0,0.0,0.0,0.0,0.0,0.0,0.0,0.0,0.0,0.0,0.0,0.0,0.0,0.0,0.0,0.0,0.0,0.0,0.0,0.0,0.0,0.0,0.0,0.0,0.0,0.0,0.0,0.0,0.0,0.0,0.0,0.0,0.0,0.0,0.0,0.0,0.0,0.0,0.0,0.0,0.0,0.0,0.0,0.0,0.0
0.0,0.0,0.0,0.0,0.0,0.0,0.0,0.0,1339.5600000000002,0.0,0.0,0.0,0.0,0.0,0.0,0.0,0.0,0.0,0.0,0.0,0.0,0.0,0.0,0.0,0.0,0.0,0.0,0.0,0.0,0.0,0.0,0.0,0.0,0.0,0.0,0.0,0.0,0.0,0.0,0.0,0.0,0.0,0.0,0.0,0.0,0.0,0.0,0.0,0.0,0.0,0.0,0.0,0.0,0.0,0.0,0.0,0.0,0.0,0.0,0.0,0.0,0.0,0.0,0.0,0.0,0.0,0.0,0.0,0.0,0.0,0.0,0.0,0.0,0.0,0.0,0.0,0.0,0.0,0.0,0.0,0.0,0.0,0.0,0.0,0.0,0.0,0.0,0.0,0.0,0.0,0.0,0.0,0.0,0.0,0.0,0.0,0.0,0.0,0.0,0.0,0.0,0.0,0.0,0.0,0.0,0.0,0.0,0.0,0.0,0.0,0.0,0.0,0.0,0.0,0.0,0.0,0.0,0.0,0.0,0.0
0.0,0.0,0.0,0.0,0.0,0.0,0.0,0.0,0.0,196.0,0.0,0.0,0.0,0.0,0.0,0.0,0.0,0.0,0.0,0.0,0.0,0.0,0.0,0.0,0.0,0.0,0.0,0.0,0.0,0.0,0.0,0.0,0.0,0.0,0.0,0.0,0.0,0.0,0.0,0.0,0.0,0.0,0.0,0.0,0.0,0.0,0.0,0.0,0.0,0.0,0.0,0.0,0.0,0.0,0.0,0.0,0.0,0.0,0.0,0.0,0.0,0.0,0.0,0.0,0.0,0.0,0.0,0.0,0.0,0.0,0.0,0.0,0.0,0.0,0.0,0.0,0.0,0.0,0.0,0.0,0.0,0.0,0.0,0.0,0.0,0.0,0.0,0.0,0.0,0.0,0.0,0.0,0.0,0.0,0.0,0.0,0.0,0.0,0.0,0.0,0.0,0.0,0.0,0.0,0.0,0.0,0.0,0.0,0.0,0.0,0.0,0.0,0.0,0.0,0.0,0.0,0.0,0.0,0.0,0.0
0.0,0.0,0.0,0.0,0.0,0.0,0.0,0.0,0.0,0.0,3.61,0.0,0.0,0.0,0.0,0.0,0.0,0.0,0.0,0.0,0.0,0.0,0.0,0.0,0.0,0.0,0.0,0.0,0.0,0.0,0.0,0.0,0.0,0.0,0.0,0.0,0.0,0.0,0.0,0.0,0.0,0.0,0.0,0.0,0.0,0.0,0.0,0.0,0.0,0.0,0.0,0.0,0.0,0.0,0.0,0.0,0.0,0.0,0.0,0.0,0.0,0.0,0.0,0.0,0.0,0.0,0.0,0.0,0.0,0.0,0.0,0.0,0.0,0.0,0.0,0.0,0.0,0.0,0.0,0.0,0.0,0.0,0.0,0.0,0.0,0.0,0.0,0.0,0.0,0.0,0.0,0.0,0.0,0.0,0.0,0.0,0.0,0.0,0.0,0.0,0.0,0.0,0.0,0.0,0.0,0.0,0.0,0.0,0.0,0.0,0.0,0.0,0.0,0.0,0.0,0.0,0.0,0.0,0.0,0.0
0.0,0.0,0.0,0.0,0.0,0.0,0.0,0.0,0.0,0.0,0.0,182.25,0.0,0.0,0.0,0.0,0.0,0.0,0.0,0.0,0.0,0.0,0.0,0.0,0.0,0.0,0.0,0.0,0.0,0.0,0.0,0.0,0.0,0.0,0.0,0.0,0.0,0.0,0.0,0.0,0.0,0.0,0.0,0.0,0.0,0.0,0.0,0.0,0.0,0.0,0.0,0.0,0.0,0.0,0.0,0.0,0.0,0.0,0.0,0.0,0.0,0.0,0.0,0.0,0.0,0.0,0.0,0.0,0.0,0.0,0.0,0.0,0.0,0.0,0.0,0.0,0.0,0.0,0.0,0.0,0.0,0.0,0.0,0.0,0.0,0.0,0.0,0.0,0.0,0.0,0.0,0.0,0.0,0.0,0.0,0.0,0.0,0.0,0.0,0.0,0.0,0.0,0.0,0.0,0.0,0.0,0.0,0.0,0.0,0.0,0.0,0.0,0.0,0.0,0.0,0.0,0.0,0.0,0.0,0.0
0.0,0.0,0.0,0.0,0.0,0.0,0.0,0.0,0.0,0.0,0.0,0.0,289.0,0.0,0.0,0.0,0.0,0.0,0.0,0.0,0.0,0.0,0.0,0.0,0.0,0.0,0.0,0.0,0.0,0.0,0.0,0.0,0.0,0.0,0.0,0.0,0.0,0.0,0.0,0.0,0.0,0.0,0.0,0.0,0.0,0.0,0.0,0.0,0.0,0.0,0.0,0.0,0.0,0.0,0.0,0.0,0.0,0.0,0.0,0.0,0.0,0.0,0.0,0.0,0.0,0.0,0.0,0.0,0.0,0.0,0.0,0.0,0.0,0.0,0.0,0.0,0.0,0.0,0.0,0.0,0.0,0.0,0.0,0.0,0.0,0.0,0.0,0.0,0.0,0.0,0.0,0.0,0.0,0.0,0.0,0.0,0.0,0.0,0.0,0.0,0.0,0.0,0.0,0.0,0.0,0.0,0.0,0.0,0.0,0.0,0.0,0.0,0.0,0.0,0.0,0.0,0.0,0.0,0.0,0.0
0.0,0.0,0.0,0.0,0.0,0.0,0.0,0.0,0.0,0.0,0.0,0.0,0.0,104.03999999999999,0.0,0.0,0.0,0.0,0.0,0.0,0.0,0.0,0.0,0.0,0.0,0.0,0.0,0.0,0.0,0.0,0.0,0.0,0.0,0.0,0.0,0.0,0.0,0.0,0.0,0.0,0.0,0.0,0.0,0.0,0.0,0.0,0.0,0.0,0.0,0.0,0.0,0.0,0.0,0.0,0.0,0.0,0.0,0.0,0.0,0.0,0.0,0.0,0.0,0.0,0.0,0.0,0.0,0.0,0.0,0.0,0.0,0.0,0.0,0.0,0.0,0.0,0.0,0.0,0.0,0.0,0.0,0.0,0.0,0.0,0.0,0.0,0.0,0.0,0.0,0.0,0.0,0.0,0.0,0.0,0.0,0.0,0.0,0.0,0.0,0.0,0.0,0.0,0.0,0.0,0.0,0.0,0.0,0.0,0.0,0.0,0.0,0.0,0.0,0.0,0.0,0.0,0.0,0.0,0.0,0.0
0.0,0.0,0.0,0.0,0.0,0.0,0.0,0.0,0.0,0.0,0.0,0.0,0.0,0.0,125.43999999999998,0.0,0.0,0.0,0.0,0.0,0.0,0.0,0.0,0.0,0.0,0.0,0.0,0.0,0.0,0.0,0.0,0.0,0.0,0.0,0.0,0.0,0.0,0.0,0.0,0.0,0.0,0.0,0.0,0.0,0.0,0.0,0.0,0.0,0.0,0.0,0.0,0.0,0.0,0.0,0.0,0.0,0.0,0.0,0.0,0.0,0.0,0.0,0.0,0.0,0.0,0.0,0.0,0.0,0.0,0.0,0.0,0.0,0.0,0.0,0.0,0.0,0.0,0.0,0.0,0.0,0.0,0.0,0.0,0.0,0.0,0.0,0.0,0.0,0.0,0.0,0.0,0.0,0.0,0.0,0.0,0.0,0.0,0.0,0.0,0.0,0.0,0.0,0.0,0.0,0.0,0.0,0.0,0.0,0.0,0.0,0.0,0.0,0.0,0.0,0.0,0.0,0.0,0.0,0.0,0.0
0.0,0.0,0.0,0.0,0.0,0.0,0.0,0.0,0.0,0.0,0.0,0.0,0.0,0.0,0.0,60.839999999999996,0.0,0.0,0.0,0.0,0.0,0.0,0.0,0.0,0.0,0.0,0.0,0.0,0.0,0.0,0.0,0.0,0.0,0.0,0.0,0.0,0.0,0.0,0.0,0.0,0.0,0.0,0.0,0.0,0.0,0.0,0.0,0.0,0.0,0.0,0.0,0.0,0.0,0.0,0.0,0.0,0.0,0.0,0.0,0.0,0.0,0.0,0.0,0.0,0.0,0.0,0.0,0.0,0.0,0.0,0.0,0.0,0.0,0.0,0.0,0.0,0.0,0.0,0.0,0.0,0.0,0.0,0.0,0.0,0.0,0.0,0.0,0.0,0.0,0.0,0.0,0.0,0.0,0.0,0.0,0.0,0.0,0.0,0.0,0.0,0.0,0.0,0.0,0.0,0.0,0.0,0.0,0.0,0.0,0.0,0.0,0.0,0.0,0.0,0.0,0.0,0.0,0.0,0.0,0.0
0.0,0.0,0.0,0.0,0.0,0.0,0.0,0.0,0.0,0.0,0.0,0.0,0.0,0.0,0.0,0.0,166.41,0.0,0.0,0.0,0.0,0.0,0.0,0.0,0.0,0.0,0.0,0.0,0.0,0.0,0.0,0.0,0.0,0.0,0.0,0.0,0.0,0.0,0.0,0.0,0.0,0.0,0.0,0.0,0.0,0.0,0.0,0.0,0.0,0.0,0.0,0.0,0.0,0.0,0.0,0.0,0.0,0.0,0.0,0.0,0.0,0.0,0.0,0.0,0.0,0.0,0.0,0.0,0.0,0.0,0.0,0.0,0.0,0.0,0.0,0.0,0.0,0.0,0.0,0.0,0.0,0.0,0.0,0.0,0.0,0.0,0.0,0.0,0.0,0.0,0.0,0.0,0.0,0.0,0.0,0.0,0.0,0.0,0.0,0.0,0.0,0.0,0.0,0.0,0.0,0.0,0.0,0.0,0.0,0.0,0.0,0.0,0.0,0.0,0.0,0.0,0.0,0.0,0.0,0.0
0.0,0.0,0.0,0.0,0.0,0.0,0.0,0.0,0.0,0.0,0.0,0.0,0.0,0.0,0.0,0.0,0.0,529.0,0.0,0.0,0.0,0.0,0.0,0.0,0.0,0.0,0.0,0.0,0.0,0.0,0.0,0.0,0.0,0.0,0.0,0.0,0.0,0.0,0.0,0.0,0.0,0.0,0.0,0.0,0.0,0.0,0.0,0.0,0.0,0.0,0.0,0.0,0.0,0.0,0.0,0.0,0.0,0.0,0.0,0.0,0.0,0.0,0.0,0.0,0.0,0.0,0.0,0.0,0.0,0.0,0.0,0.0,0.0,0.0,0.0,0.0,0.0,0.0,0.0,0.0,0.0,0.0,0.0,0.0,0.0,0.0,0.0,0.0,0.0,0.0,0.0,0.0,0.0,0.0,0.0,0.0,0.0,0.0,0.0,0.0,0.0,0.0,0.0,0.0,0.0,0.0,0.0,0.0,0.0,0.0,0.0,0.0,0.0,0.0,0.0,0.0,0.0,0.0,0.0,0.0
0.0,0.0,0.0,0.0,0.0,0.0,0.0,0.0,0.0,0.0,0.0,0.0,0.0,0.0,0.0,0.0,0.0,0.0,81.0,0.0,0.0,0.0,0.0,0.0,0.0,0.0,0.0,0.0,0.0,0.0,0.0,0.0,0.0,0.0,0.0,0.0,0.0,0.0,0.0,0.0,0.0,0.0,0.0,0.0,0.0,0.0,0.0,0.0,0.0,0.0,0.0,0.0,0.0,0.0,0.0,0.0,0.0,0.0,0.0,0.0,0.0,0.0,0.0,0.0,0.0,0.0,0.0,0.0,0.0,0.0,0.0,0.0,0.0,0.0,0.0,0.0,0.0,0.0,0.0,0.0,0.0,0.0,0.0,0.0,0.0,0.0,0.0,0.0,0.0,0.0,0.0,0.0,0.0,0.0,0.0,0.0,0.0,0.0,0.0,0.0,0.0,0.0,0.0,0.0,0.0,0.0,0.0,0.0,0.0,0.0,0.0,0.0,0.0,0.0,0.0,0.0,0.0,0.0,0.0,0.0
0.0,0.0,0.0,0.0,0.0,0.0,0.0,0.0,0.0,0.0,0.0,0.0,0.0,0.0,0.0,0.0,0.0,0.0,0.0,3844.0,0.0,0.0,0.0,0.0,0.0,0.0,0.0,0.0,0.0,0.0,0.0,0.0,0.0,0.0,0.0,0.0,0.0,0.0,0.0,0.0,0.0,0.0,0.0,0.0,0.0,0.0,0.0,0.0,0.0,0.0,0.0,0.0,0.0,0.0,0.0,0.0,0.0,0.0,0.0,0.0,0.0,0.0,0.0,0.0,0.0,0.0,0.0,0.0,0.0,0.0,0.0,0.0,0.0,0.0,0.0,0.0,0.0,0.0,0.0,0.0,0.0,0.0,0.0,0.0,0.0,0.0,0.0,0.0,0.0,0.0,0.0,0.0,0.0,0.0,0.0,0.0,0.0,0.0,0.0,0.0,0.0,0.0,0.0,0.0,0.0,0.0,0.0,0.0,0.0,0.0,0.0,0.0,0.0,0.0,0.0,0.0,0.0,0.0,0.0,0.0
0.0,0.0,0.0,0.0,0.0,0.0,0.0,0.0,0.0,0.0,0.0,0.0,0.0,0.0,0.0,0.0,0.0,0.0,0.0,0.0,3.61,0.0,0.0,0.0,0.0,0.0,0.0,0.0,0.0,0.0,0.0,0.0,0.0,0.0,0.0,0.0,0.0,0.0,0.0,0.0,0.0,0.0,0.0,0.0,0.0,0.0,0.0,0.0,0.0,0.0,0.0,0.0,0.0,0.0,0.0,0.0,0.0,0.0,0.0,0.0,0.0,0.0,0.0,0.0,0.0,0.0,0.0,0.0,0.0,0.0,0.0,0.0,0.0,0.0,0.0,0.0,0.0,0.0,0.0,0.0,0.0,0.0,0.0,0.0,0.0,0.0,0.0,0.0,0.0,0.0,0.0,0.0,0.0,0.0,0.0,0.0,0.0,0.0,0.0,0.0,0.0,0.0,0.0,0.0,0.0,0.0,0.0,0.0,0.0,0.0,0.0,0.0,0.0,0.0,0.0,0.0,0.0,0.0,0.0,0.0
0.0,0.0,0.0,0.0,0.0,0.0,0.0,0.0,0.0,0.0,0.0,0.0,0.0,0.0,0.0,0.0,0.0,0.0,0.0,0.0,0.0,169.0,0.0,0.0,0.0,0.0,0.0,0.0,0.0,0.0,0.0,0.0,0.0,0.0,0.0,0.0,0.0,0.0,0.0,0.0,0.0,0.0,0.0,0.0,0.0,0.0,0.0,0.0,0.0,0.0,0.0,0.0,0.0,0.0,0.0,0.0,0.0,0.0,0.0,0.0,0.0,0.0,0.0,0.0,0.0,0.0,0.0,0.0,0.0,0.0,0.0,0.0,0.0,0.0,0.0,0.0,0.0,0.0,0.0,0.0,0.0,0.0,0.0,0.0,0.0,0.0,0.0,0.0,0.0,0.0,0.0,0.0,0.0,0.0,0.0,0.0,0.0,0.0,0.0,0.0,0.0,0.0,0.0,0.0,0.0,0.0,0.0,0.0,0.0,0.0,0.0,0.0,0.0,0.0,0.0,0.0,0.0,0.0,0.0,0.0
0.0,0.0,0.0,0.0,0.0,0.0,0.0,0.0,0.0,0.0,0.0,0.0,0.0,0.0,0.0,0.0,0.0,0.0,0.0,0.0,0.0,0.0,37.209999999999994,0.0,0.0,0.0,0.0,0.0,0.0,0.0,0.0,0.0,0.0,0.0,0.0,0.0,0.0,0.0,0.0,0.0,0.0,0.0,0.0,0.0,0.0,0.0,0.0,0.0,0.0,0.0,0.0,0.0,0.0,0.0,0.0,0.0,0.0,0.0,0.0,0.0,0.0,0.0,0.0,0.0,0.0,0.0,0.0,0.0,0.0,0.0,0.0,0.0,0.0,0.0,0.0,0.0,0.0,0.0,0.0,0.0,0.0,0.0,0.0,0.0,0.0,0.0,0.0,0.0,0.0,0.0,0.0,0.0,0.0,0.0,0.0,0.0,0.0,0.0,0.0,0.0,0.0,0.0,0.0,0.0,0.0,0.0,0.0,0.0,0.0,0.0,0.0,0.0,0.0,0.0,0.0,0.0,0.0,0.0,0.0,0.0
0.0,0.0,0.0,0.0,0.0,0.0,0.0,0.0,0.0,0.0,0.0,0.0,0.0,0.0,0.0,0.0,0.0,0.0,0.0,0.0,0.0,0.0,0.0,4.41,0.0,0.0,0.0,0.0,0.0,0.0,0.0,0.0,0.0,0.0,0.0,0.0,0.0,0.0,0.0,0.0,0.0,0.0,0.0,0.0,0.0,0.0,0.0,0.0,0.0,0.0,0.0,0.0,0.0,0.0,0.0,0.0,0.0,0.0,0.0,0.0,0.0,0.0,0.0,0.0,0.0,0.0,0.0,0.0,0.0,0.0,0.0,0.0,0.0,0.0,0.0,0.0,0.0,0.0,0.0,0.0,0.0,0.0,0.0,0.0,0.0,0.0,0.0,0.0,0.0,0.0,0.0,0.0,0.0,0.0,0.0,0.0,0.0,0.0,0.0,0.0,0.0,0.0,0.0,0.0,0.0,0.0,0.0,0.0,0.0,0.0,0.0,0.0,0.0,0.0,0.0,0.0,0.0,0.0,0.0,0.0
0.0,0.0,0.0,0.0,0.0,0.0,0.0,0.0,0.0,0.0,0.0,0.0,0.0,0.0,0.0,0.0,0.0,0.0,0.0,0.0,0.0,0.0,0.0,0.0,64.0,0.0,0.0,0.0,0.0,0.0,0.0,0.0,0.0,0.0,0.0,0.0,0.0,0.0,0.0,0.0,0.0,0.0,0.0,0.0,0.0,0.0,0.0,0.0,0.0,0.0,0.0,0.0,0.0,0.0,0.0,0.0,0.0,0.0,0.0,0.0,0.0,0.0,0.0,0.0,0.0,0.0,0.0,0.0,0.0,0.0,0.0,0.0,0.0,0.0,0.0,0.0,0.0,0.0,0.0,0.0,0.0,0.0,0.0,0.0,0.0,0.0,0.0,0.0,0.0,0.0,0.0,0.0,0.0,0.0,0.0,0.0,0.0,0.0,0.0,0.0,0.0,0.0,0.0,0.0,0.0,0.0,0.0,0.0,0.0,0.0,0.0,0.0,0.0,0.0,0.0,0.0,0.0,0.0,0.0,0.0
0.0,0.0,0.0,0.0,0.0,0.0,0.0,0.0,0.0,0.0,0.0,0.0,0.0,0.0,0.0,0.0,0.0,0.0,0.0,0.0,0.0,0.0,0.0,0.0,0.0,49.0,0.0,0.0,0.0,0.0,0.0,0.0,0.0,0.0,0.0,0.0,0.0,0.0,0.0,0.0,0.0,0.0,0.0,0.0,0.0,0.0,0.0,0.0,0.0,0.0,0.0,0.0,0.0,0.0,0.0,0.0,0.0,0.0,0.0,0.0,0.0,0.0,0.0,0.0,0.0,0.0,0.0,0.0,0.0,0.0,0.0,0.0,0.0,0.0,0.0,0.0,0.0,0.0,0.0,0.0,0.0,0.0,0.0,0.0,0.0,0.0,0.0,0.0,0.0,0.0,0.0,0.0,0.0,0.0,0.0,0.0,0.0,0.0,0.0,0.0,0.0,0.0,0.0,0.0,0.0,0.0,0.0,0.0,0.0,0.0,0.0,0.0,0.0,0.0,0.0,0.0,0.0,0.0,0.0,0.0
0.0,0.0,0.0,0.0,0.0,0.0,0.0,0.0,0.0,0.0,0.0,0.0,0.0,0.0,0.0,0.0,0.0,0.0,0.0,0.0,0.0,0.0,0.0,0.0,0.0,0.0,144.0,0.0,0.0,0.0,0.0,0.0,0.0,0.0,0.0,0.0,0.0,0.0,0.0,0.0,0.0,0.0,0.0,0.0,0.0,0.0,0.0,0.0,0.0,0.0,0.0,0.0,0.0,0.0,0.0,0.0,0.0,0.0,0.0,0.0,0.0,0.0,0.0,0.0,0.0,0.0,0.0,0.0,0.0,0.0,0.0,0.0,0.0,0.0,0.0,0.0,0.0,0.0,0.0,0.0,0.0,0.0,0.0,0.0,0.0,0.0,0.0,0.0,0.0,0.0,0.0,0.0,0.0,0.0,0.0,0.0,0.0,0.0,0.0,0.0,0.0,0.0,0.0,0.0,0.0,0.0,0.0,0.0,0.0,0.0,0.0,0.0,0.0,0.0,0.0,0.0,0.0,0.0,0.0,0.0
0.0,0.0,0.0,0.0,0.0,0.0,0.0,0.0,0.0,0.0,0.0,0.0,0.0,0.0,0.0,0.0,0.0,0.0,0.0,0.0,0.0,0.0,0.0,0.0,0.0,0.0,0.0,289.0,0.0,0.0,0.0,0.0,0.0,0.0,0.0,0.0,0.0,0.0,0.0,0.0,0.0,0.0,0.0,0.0,0.0,0.0,0.0,0.0,0.0,0.0,0.0,0.0,0.0,0.0,0.0,0.0,0.0,0.0,0.0,0.0,0.0,0.0,0.0,0.0,0.0,0.0,0.0,0.0,0.0,0.0,0.0,0.0,0.0,0.0,0.0,0.0,0.0,0.0,0.0,0.0,0.0,0.0,0.0,0.0,0.0,0.0,0.0,0.0,0.0,0.0,0.0,0.0,0.0,0.0,0.0,0.0,0.0,0.0,0.0,0.0,0.0,0.0,0.0,0.0,0.0,0.0,0.0,0.0,0.0,0.0,0.0,0.0,0.0,0.0,0.0,0.0,0.0,0.0,0.0,0.0
0.0,0.0,0.0,0.0,0.0,0.0,0.0,0.0,0.0,0.0,0.0,0.0,0.0,0.0,0.0,0.0,0.0,0.0,0.0,0.0,0.0,0.0,0.0,0.0,0.0,0.0,0.0,0.0,1600.0,0.0,0.0,0.0,0.0,0.0,0.0,0.0,0.0,0.0,0.0,0.0,0.0,0.0,0.0,0.0,0.0,0.0,0.0,0.0,0.0,0.0,0.0,0.0,0.0,0.0,0.0,0.0,0.0,0.0,0.0,0.0,0.0,0.0,0.0,0.0,0.0,0.0,0.0,0.0,0.0,0.0,0.0,0.0,0.0,0.0,0.0,0.0,0.0,0.0,0.0,0.0,0.0,0.0,0.0,0.0,0.0,0.0,0.0,0.0,0.0,0.0,0.0,0.0,0.0,0.0,0.0,0.0,0.0,0.0,0.0,0.0,0.0,0.0,0.0,0.0,0.0,0.0,0.0,0.0,0.0,0.0,0.0,0.0,0.0,0.0,0.0,0.0,0.0,0.0,0.0,0.0
0.0,0.0,0.0,0.0,0.0,0.0,0.0,0.0,0.0,0.0,0.0,0.0,0.0,0.0,0.0,0.0,0.0,0.0,0.0,0.0,0.0,0.0,0.0,0.0,0.0,0.0,0.0,0.0,0.0,529.0,0.0,0.0,0.0,0.0,0.0,0.0,0.0,0.0,0.0,0.0,0.0,0.0,0.0,0.0,0.0,0.0,0.0,0.0,0.0,0.0,0.0,0.0,0.0,0.0,0.0,0.0,0.0,0.0,0.0,0.0,0.0,0.0,0.0,0.0,0.0,0.0,0.0,0.0,0.0,0.0,0.0,0.0,0.0,0.0,0.0,0.0,0.0,0.0,0.0,0.0,0.0,0.0,0.0,0.0,0.0,0.0,0.0,0.0,0.0,0.0,0.0,0.0,0.0,0.0,0.0,0.0,0.0,0.0,0.0,0.0,0.0,0.0,0.0,0.0,0.0,0.0,0.0,0.0,0.0,0.0,0.0,0.0,0.0,0.0,0.0,0.0,0.0,0.0,0.0,0.0
0.0,0.0,0.0,0.0,0.0,0.0,0.0,0.0,0.0,0.0,0.0,0.0,0.0,0.0,0.0,0.0,0.0,0.0,0.0,0.0,0.0,0.0,0.0,0.0,0.0,0.0,0.0,0.0,0.0,0.0,400.0,0.0,0.0,0.0,0.0,0.0,0.0,0.0,0.0,0.0,0.0,0.0,0.0,0.0,0.0,0.0,0.0,0.0,0.0,0.0,0.0,0.0,0.0,0.0,0.0,0.0,0.0,0.0,0.0,0.0,0.0,0.0,0.0,0.0,0.0,0.0,0.0,0.0,0.0,0.0,0.0,0.0,0.0,0.0,0.0,0.0,0.0,0.0,0.0,0.0,0.0,0.0,0.0,0.0,0.0,0.0,0.0,0.0,0.0,0.0,0.0,0.0,0.0,0.0,0.0,0.0,0.0,0.0,0.0,0.0,0.0,0.0,0.0,0.0,0.0,0.0,0.0,0.0,0.0,0.0,0.0,0.0,0.0,0.0,0.0,0.0,0.0,0.0,0.0,0.0
0.0,0.0,0.0,0.0,0.0,0.0,0.0,0.0,0.0,0.0,0.0,0.0,0.0,0.0,0.0,0.0,0.0,0.0,0.0,0.0,0.0,0.0,0.0,0.0,0.0,0.0,0.0,0.0,0.0,0.0,0.0,289.0,0.0,0.0,0.0,0.0,0.0,0.0,0.0,0.0,0.0,0.0,0.0,0.0,0.0,0.0,0.0,0.0,0.0,0.0,0.0,0.0,0.0,0.0,0.0,0.0,0.0,0.0,0.0,0.0,0.0,0.0,0.0,0.0,0.0,0.0,0.0,0.0,0.0,0.0,0.0,0.0,0.0,0.0,0.0,0.0,0.0,0.0,0.0,0.0,0.0,0.0,0.0,0.0,0.0,0.0,0.0,0.0,0.0,0.0,0.0,0.0,0.0,0.0,0.0,0.0,0.0,0.0,0.0,0.0,0.0,0.0,0.0,0.0,0.0,0.0,0.0,0.0,0.0,0.0,0.0,0.0,0.0,0.0,0.0,0.0,0.0,0.0,0.0,0.0
0.0,0.0,0.0,0.0,0.0,0.0,0.0,0.0,0.0,0.0,0.0,0.0,0.0,0.0,0.0,0.0,0.0,0.0,0.0,0.0,0.0,0.0,0.0,0.0,0.0,0.0,0.0,0.0,0.0,0.0,0.0,0.0,1128.96,0.0,0.0,0.0,0.0,0.0,0.0,0.0,0.0,0.0,0.0,0.0,0.0,0.0,0.0,0.0,0.0,0.0,0.0,0.0,0.0,0.0,0.0,0.0,0.0,0.0,0.0,0.0,0.0,0.0,0.0,0.0,0.0,0.0,0.0,0.0,0.0,0.0,0.0,0.0,0.0,0.0,0.0,0.0,0.0,0.0,0.0,0.0,0.0,0.0,0.0,0.0,0.0,0.0,0.0,0.0,0.0,0.0,0.0,0.0,0.0,0.0,0.0,0.0,0.0,0.0,0.0,0.0,0.0,0.0,0.0,0.0,0.0,0.0,0.0,0.0,0.0,0.0,0.0,0.0,0.0,0.0,0.0,0.0,0.0,0.0,0.0,0.0
0.0,0.0,0.0,0.0,0.0,0.0,0.0,0.0,0.0,0.0,0.0,0.0,0.0,0.0,0.0,0.0,0.0,0.0,0.0,0.0,0.0,0.0,0.0,0.0,0.0,0.0,0.0,0.0,0.0,0.0,0.0,0.0,0.0,324.0,0.0,0.0,0.0,0.0,0.0,0.0,0.0,0.0,0.0,0.0,0.0,0.0,0.0,0.0,0.0,0.0,0.0,0.0,0.0,0.0,0.0,0.0,0.0,0.0,0.0,0.0,0.0,0.0,0.0,0.0,0.0,0.0,0.0,0.0,0.0,0.0,0.0,0.0,0.0,0.0,0.0,0.0,0.0,0.0,0.0,0.0,0.0,0.0,0.0,0.0,0.0,0.0,0.0,0.0,0.0,0.0,0.0,0.0,0.0,0.0,0.0,0.0,0.0,0.0,0.0,0.0,0.0,0.0,0.0,0.0,0.0,0.0,0.0,0.0,0.0,0.0,0.0,0.0,0.0,0.0,0.0,0.0,0.0,0.0,0.0,0.0
0.0,0.0,0.0,0.0,0.0,0.0,0.0,0.0,0.0,0.0,0.0,0.0,0.0,0.0,0.0,0.0,0.0,0.0,0.0,0.0,0.0,0.0,0.0,0.0,0.0,0.0,0.0,0.0,0.0,0.0,0.0,0.0,0.0,0.0,196.0,0.0,0.0,0.0,0.0,0.0,0.0,0.0,0.0,0.0,0.0,0.0,0.0,0.0,0.0,0.0,0.0,0.0,0.0,0.0,0.0,0.0,0.0,0.0,0.0,0.0,0.0,0.0,0.0,0.0,0.0,0.0,0.0,0.0,0.0,0.0,0.0,0.0,0.0,0.0,0.0,0.0,0.0,0.0,0.0,0.0,0.0,0.0,0.0,0.0,0.0,0.0,0.0,0.0,0.0,0.0,0.0,0.0,0.0,0.0,0.0,0.0,0.0,0.0,0.0,0.0,0.0,0.0,0.0,0.0,0.0,0.0,0.0,0.0,0.0,0.0,0.0,0.0,0.0,0.0,0.0,0.0,0.0,0.0,0.0,0.0
0.0,0.0,0.0,0.0,0.0,0.0,0.0,0.0,0.0,0.0,0.0,0.0,0.0,0.0,0.0,0.0,0.0,0.0,0.0,0.0,0.0,0.0,0.0,0.0,0.0,0.0,0.0,0.0,0.0,0.0,0.0,0.0,0.0,0.0,0.0,1600.0,0.0,0.0,0.0,0.0,0.0,0.0,0.0,0.0,0.0,0.0,0.0,0.0,0.0,0.0,0.0,0.0,0.0,0.0,0.0,0.0,0.0,0.0,0.0,0.0,0.0,0.0,0.0,0.0,0.0,0.0,0.0,0.0,0.0,0.0,0.0,0.0,0.0,0.0,0.0,0.0,0.0,0.0,0.0,0.0,0.0,0.0,0.0,0.0,0.0,0.0,0.0,0.0,0.0,0.0,0.0,0.0,0.0,0.0,0.0,0.0,0.0,0.0,0.0,0.0,0.0,0.0,0.0,0.0,0.0,0.0,0.0,0.0,0.0,0.0,0.0,0.0,0.0,0.0,0.0,0.0,0.0,0.0,0.0,0.0
0.0,0.0,0.0,0.0,0.0,0.0,0.0,0.0,0.0,0.0,0.0,0.0,0.0,0.0,0.0,0.0,0.0,0.0,0.0,0.0,0.0,0.0,0.0,0.0,0.0,0.0,0.0,0.0,0.0,0.0,0.0,0.0,0.0,0.0,0.0,0.0,2540.16,0.0,0.0,0.0,0.0,0.0,0.0,0.0,0.0,0.0,0.0,0.0,0.0,0.0,0.0,0.0,0.0,0.0,0.0,0.0,0.0,0.0,0.0,0.0,0.0,0.0,0.0,0.0,0.0,0.0,0.0,0.0,0.0,0.0,0.0,0.0,0.0,0.0,0.0,0.0,0.0,0.0,0.0,0.0,0.0,0.0,0.0,0.0,0.0,0.0,0.0,0.0,0.0,0.0,0.0,0.0,0.0,0.0,0.0,0.0,0.0,0.0,0.0,0.0,0.0,0.0,0.0,0.0,0.0,0.0,0.0,0.0,0.0,0.0,0.0,0.0,0.0,0.0,0.0,0.0,0.0,0.0,0.0,0.0
0.0,0.0,0.0,0.0,0.0,0.0,0.0,0.0,0.0,0.0,0.0,0.0,0.0,0.0,0.0,0.0,0.0,0.0,0.0,0.0,0.0,0.0,0.0,0.0,0.0,0.0,0.0,0.0,0.0,0.0,0.0,0.0,0.0,0.0,0.0,0.0,0.0,0.00032399999999999996,0.0,0.0,0.0,0.0,0.0,0.0,0.0,0.0,0.0,0.0,0.0,0.0,0.0,0.0,0.0,0.0,0.0,0.0,0.0,0.0,0.0,0.0,0.0,0.0,0.0,0.0,0.0,0.0,0.0,0.0,0.0,0.0,0.0,0.0,0.0,0.0,0.0,0.0,0.0,0.0,0.0,0.0,0.0,0.0,0.0,0.0,0.0,0.0,0.0,0.0,0.0,0.0,0.0,0.0,0.0,0.0,0.0,0.0,0.0,0.0,0.0,0.0,0.0,0.0,0.0,0.0,0.0,0.0,0.0,0.0,0.0,0.0,0.0,0.0,0.0,0.0,0.0,0.0,0.0,0.0,0.0,0.0
0.0,0.0,0.0,0.0,0.0,0.0,0.0,0.0,0.0,0.0,0.0,0.0,0.0,0.0,0.0,0.0,0.0,0.0,0.0,0.0,0.0,0.0,0.0,0.0,0.0,0.0,0.0,0.0,0.0,0.0,0.0,0.0,0.0,0.0,0.0,0.0,0.0,0.0,0.1314664401,-0.014266974200000003,0.0109427163,-0.0217509715,0.0,0.0,0.0,0.0,0.0,0.0,0.0,0.0,0.0,0.0,0.0,0.0,0.0,0.0,0.0,0.0,0.0,0.0,0.0,0.0,0.0,0.0,0.0,0.0,0.0,0.0,0.0,0.0,0.0,0.0,0.0,0.0,0.0,0.0,0.0,0.0,0.0,0.0,0.0,0.0,0.0,0.0,0.0,0.0,0.0,0.0,0.0,0.0,0.0,0.0,0.0,0.0,0.0,0.0,0.0,0.0,0.0,0.0,0.0,0.0,0.0,0.0,0.0,0.0,0.0,0.0,0.0,0.0,0.0,0.0,0.0,0.0,0.0,0.0,0.0,0.0,0.0,0.0
0.0,0.0,0.0,0.0,0.0,0.0,0.0,0.0,0.0,0.0,0.0,0.0,0.0,0.0,0.0,0.0,0.0,0.0,0.0,0.0,0.0,0.0,0.0,0.0,0.0,0.0,0.0,0.0,0.0,0.0,0.0,0.0,0.0,0.0,0.0,0.0,0.0,0.0,-0.014266974200000003,0.082917094,-0.015810173700000003,-0.006108442600000001,0.0,0.0,0.0,0.0,0.0,0.0,0.0,0.0,0.0,0.0,0.0,0.0,0.0,0.0,0.0,0.0,0.0,0.0,0.0,0.0,0.0,0.0,0.0,0.0,0.0,0.0,0.0,0.0,0.0,0.0,0.0,0.0,0.0,0.0,0.0,0.0,0.0,0.0,0.0,0.0,0.0,0.0,0.0,0.0,0.0,0.0,0.0,0.0,0.0,0.0,0.0,0.0,0.0,0.0,0.0,0.0,0.0,0.0,0.0,0.0,0.0,0.0,0.0,0.0,0.0,0.0,0.0,0.0,0.0,0.0,0.0,0.0,0.0,0.0,0.0,0.0,0.0,0.0
0.0,0.0,0.0,0.0,0.0,0.0,0.0,0.0,0.0,0.0,0.0,0.0,0.0,0.0,0.0,0.0,0.0,0.0,0.0,0.0,0.0,0.0,0.0,0.0,0.0,0.0,0.0,0.0,0.0,0.0,0.0,0.0,0.0,0.0,0.0,0.0,0.0,0.0,0.0109427163,-0.015810173700000003,0.0088510877,-0.00022724570000000002,0.0,0.0,0.0,0.0,0.0,0.0,0.0,0.0,0.0,0.0,0.0,0.0,0.0,0.0,0.0,0.0,0.0,0.0,0.0,0.0,0.0,0.0,0.0,0.0,0.0,0.0,0.0,0.0,0.0,0.0,0.0,0.0,0.0,0.0,0.0,0.0,0.0,0.0,0.0,0.0,0.0,0.0,0.0,0.0,0.0,0.0,0.0,0.0,0.0,0.0,0.0,0.0,0.0,0.0,0.0,0.0,0.0,0.0,0.0,0.0,0.0,0.0,0.0,0.0,0.0,0.0,0.0,0.0,0.0,0.0,0.0,0.0,0.0,0.0,0.0,0.0,0.0,0.0
0.0,0.0,0.0,0.0,0.0,0.0,0.0,0.0,0.0,0.0,0.0,0.0,0.0,0.0,0.0,0.0,0.0,0.0,0.0,0.0,0.0,0.0,0.0,0.0,0.0,0.0,0.0,0.0,0.0,0.0,0.0,0.0,0.0,0.0,0.0,0.0,0.0,0.0,-0.0217509715,-0.006108442600000001,-0.00022724570000000002,0.027970236000000002,0.0,0.0,0.0,0.0,0.0,0.0,0.0,0.0,0.0,0.0,0.0,0.0,0.0,0.0,0.0,0.0,0.0,0.0,0.0,0.0,0.0,0.0,0.0,0.0,0.0,0.0,0.0,0.0,0.0,0.0,0.0,0.0,0.0,0.0,0.0,0.0,0.0,0.0,0.0,0.0,0.0,0.0,0.0,0.0,0.0,0.0,0.0,0.0,0.0,0.0,0.0,0.0,0.0,0.0,0.0,0.0,0.0,0.0,0.0,0.0,0.0,0.0,0.0,0.0,0.0,0.0,0.0,0.0,0.0,0.0,0.0,0.0,0.0,0.0,0.0,0.0,0.0,0.0
0.0,0.0,0.0,0.0,0.0,0.0,0.0,0.0,0.0,0.0,0.0,0.0,0.0,0.0,0.0,0.0,0.0,0.0,0.0,0.0,0.0,0.0,0.0,0.0,0.0,0.0,0.0,0.0,0.0,0.0,0.0,0.0,0.0,0.0,0.0,0.0,0.0,0.0,0.0,0.0,0.0,0.0,0.054130983300000005,0.0048425593,-0.00046528530000000006,-0.0037707751000000005,0.0,0.0,0.0,0.0,0.0,0.0,0.0,0.0,0.0,0.0,0.0,0.0,0.0,0.0,0.0,0.0,0.0,0.0,0.0,0.0,0.0,0.0,0.0,0.0,0.0,0.0,0.0,0.0,0.0,0.0,0.0,0.0,0.0,0.0,0.0,0.0,0.0,0.0,0.0,0.0,0.0,0.0,0.0,0.0,0.0,0.0,0.0,0.0,0.0,0.0,0.0,0.0,0.0,0.0,0.0,0.0,0.0,0.0,0.0,0.0,0.0,0.0,0.0,0.0,0.0,0.0,0.0,0.0,0.0,0.0,0.0,0.0,0.0,0.0
0.0,0.0,0.0,0.0,0.0,0.0,0.0,0.0,0.0,0.0,0.0,0.0,0.0,0.0,0.0,0.0,0.0,0.0,0.0,0.0,0.0,0.0,0.0,0.0,0.0,0.0,0.0,0.0,0.0,0.0,0.0,0.0,0.0,0.0,0.0,0.0,0.0,0.0,0.0,0.0,0.0,0.0,0.0048425593,0.009724982,-0.0034923265,-0.0014418597,0.0,0.0,0.0,0.0,0.0,0.0,0.0,0.0,0.0,0.0,0.0,0.0,0.0,0.0,0.0,0.0,0.0,0.0,0.0,0.0,0.0,0.0,0.0,0.0,0.0,0.0,0.0,0.0,0.0,0.0,0.0,0.0,0.0,0.0,0.0,0.0,0.0,0.0,0.0,0.0,0.0,0.0,0.0,0.0,0.0,0.0,0.0,0.0,0.0,0.0,0.0,0.0,0.0,0.0,0.0,0.0,0.0,0.0,0.0,0.0,0.0,0.0,0.0,0.0,0.0,0.0,0.0,0.0,0.0,0.0,0.0,0.0,0.0,0.0
0.0,0.0,0.0,0.0,0.0,0.0,0.0,0.0,0.0,0.0,0.0,0.0,0.0,0.0,0.0,0.0,0.0,0.0,0.0,0.0,0.0,0.0,0.0,0.0,0.0,0.0,0.0,0.0,0.0,0.0,0.0,0.0,0.0,0.0,0.0,0.0,0.0,0.0,0.0,0.0,0.0,0.0,-0.00046528530000000006,-0.0034923265,0.004129547000000001,0.0015405508,0.0,0.0,0.0,0.0,0.0,0.0,0.0,0.0,0.0,0.0,0.0,0.0,0.0,0.0,0.0,0.0,0.0,0.0,0.0,0.0,0.0,0.0,0.0,0.0,0.0,0.0,0.0,0.0,0.0,0.0,0.0,0.0,0.0,0.0,0.0,0.0,0.0,0.0,0.0,0.0,0.0,0.0,0.0,0.0,0.0,0.0,0.0,0.0,0.0,0.0,0.0,0.0,0.0,0.0,0.0,0.0,0.0,0.0,0.0,0.0,0.0,0.0,0.0,0.0,0.0,0.0,0.0,0.0,0.0,0.0,0.0,0.0,0.0,0.0
0.0,0.0,0.0,0.0,0.0,0.0,0.0,0.0,0.0,0.0,0.0,0.0,0.0,0.0,0.0,0.0,0.0,0.0,0.0,0.0,0.0,0.0,0.0,0.0,0.0,0.0,0.0,0.0,0.0,0.0,0.0,0.0,0.0,0.0,0.0,0.0,0.0,0.0,0.0,0.0,0.0,0.0,-0.0037707751000000005,-0.0014418597,0.0015405508,0.004891891,0.0,0.0,0.0,0.0,0.0,0.0,0.0,0.0,0.0,0.0,0.0,0.0,0.0,0.0,0.0,0.0,0.0,0.0,0.0,0.0,0.0,0.0,0.0,0.0,0.0,0.0,0.0,0.0,0.0,0.0,0.0,0.0,0.0,0.0,0.0,0.0,0.0,0.0,0.0,0.0,0.0,0.0,0.0,0.0,0.0,0.0,0.0,0.0,0.0,0.0,0.0,0.0,0.0,0.0,0.0,0.0,0.0,0.0,0.0,0.0,0.0,0.0,0.0,0.0,0.0,0.0,0.0,0.0,0.0,0.0,0.0,0.0,0.0,0.0
0.0,0.0,0.0,0.0,0.0,0.0,0.0,0.0,0.0,0.0,0.0,0.0,0.0,0.0,0.0,0.0,0.0,0.0,0.0,0.0,0.0,0.0,0.0,0.0,0.0,0.0,0.0,0.0,0.0,0.0,0.0,0.0,0.0,0.0,0.0,0.0,0.0,0.0,0.0,0.0,0.0,0.0,0.0,0.0,0.0,0.0,0.0762457717,0.0039781004,-0.00018960060000000002,-0.006281284900000001,0.0,0.0,0.0,0.0,0.0,0.0,0.0,0.0,0.0,0.0,0.0,0.0,0.0,0.0,0.0,0.0,0.0,0.0,0.0,0.0,0.0,0.0,0.0,0.0,0.0,0.0,0.0,0.0,0.0,0.0,0.0,0.0,0.0,0.0,0.0,0.0,0.0,0.0,0.0,0.0,0.0,0.0,0.0,0.0,0.0,0.0,0.0,0.0,0.0,0.0,0.0,0.0,0.0,0.0,0.0,0.0,0.0,0.0,0.0,0.0,0.0,0.0,0.0,0.0,0.0,0.0,0.0,0.0,0.0,0.0
0.0,0.0,0.0,0.0,0.0,0.0,0.0,0.0,0.0,0.0,0.0,0.0,0.0,0.0,0.0,0.0,0.0,0.0,0.0,0.0,0.0,0.0,0.0,0.0,0.0,0.0,0.0,0.0,0.0,0.0,0.0,0.0,0.0,0.0,0.0,0.0,0.0,0.0,0.0,0.0,0.0,0.0,0.0,0.0,0.0,0.0,0.0039781004,0.0036344098000000006,-0.001734135,-0.00083339,0.0,0.0,0.0,0.0,0.0,0.0,0.0,0.0,0.0,0.0,0.0,0.0,0.0,0.0,0.0,0.0,0.0,0.0,0.0,0.0,0.0,0.0,0.0,0.0,0.0,0.0,0.0,0.0,0.0,0.0,0.0,0.0,0.0,0.0,0.0,0.0,0.0,0.0,0.0,0.0,0.0,0.0,0.0,0.0,0.0,0.0,0.0,0.0,0.0,0.0,0.0,0.0,0.0,0.0,0.0,0.0,0.0,0.0,0.0,0.0,0.0,0.0,0.0,0.0,0.0,0.0,0.0,0.0,0.0,0.0
0.0,0.0,0.0,0.0,0.0,0.0,0.0,0.0,0.0,0.0,0.0,0.0,0.0,0.0,0.0,0.0,0.0,0.0,0.0,0.0,0.0,0.0,0.0,0.0,0.0,0.0,0.0,0.0,0.0,0.0,0.0,0.0,0.0,0.0,0.0,0.0,0.0,0.0,0.0,0.0,0.0,0.0,0.0,0.0,0.0,0.0,-0.00018960060000000002,-0.001734135,0.0028119682000000003,0.0008865225000000001,0.0,0.0,0.0,0.0,0.0,0.0,0.0,0.0,0.0,0.0,0.0,0.0,0.0,0.0,0.0,0.0,0.0,0.0,0.0,0.0,0.0,0.0,0.0,0.0,0.0,0.0,0.0,0.0,0.0,0.0,0.0,0.0,0.0,0.0,0.0,0.0,0.0,0.0,0.0,0.0,0.0,0.0,0.0,0.0,0.0,0.0,0.0,0.0,0.0,0.0,0.0,0.0,0.0,0.0,0.0,0.0,0.0,0.0,0.0,0.0,0.0,0.0,0.0,0.0,0.0,0.0,0.0,0.0,0.0,0.0
0.0,0.0,0.0,0.0,0.0,0.0,0.0,0.0,0.0,0.0,0.0,0.0,0.0,0.0,0.0,0.0,0.0,0.0,0.0,0.0,0.0,0.0,0.0,0.0,0.0,0.0,0.0,0.0,0.0,0.0,0.0,0.0,0.0,0.0,0.0,0.0,0.0,0.0,0.0,0.0,0.0,0.0,0.0,0.0,0.0,0.0,-0.006281284900000001,-0.00083339,0.0008865225000000001,0.0047624519999999995,0.0,0.0,0.0,0.0,0.0,0.0,0.0,0.0,0.0,0.0,0.0,0.0,0.0,0.0,0.0,0.0,0.0,0.0,0.0,0.0,0.0,0.0,0.0,0.0,0.0,0.0,0.0,0.0,0.0,0.0,0.0,0.0,0.0,0.0,0.0,0.0,0.0,0.0,0.0,0.0,0.0,0.0,0.0,0.0,0.0,0.0,0.0,0.0,0.0,0.0,0.0,0.0,0.0,0.0,0.0,0.0,0.0,0.0,0.0,0.0,0.0,0.0,0.0,0.0,0.0,0.0,0.0,0.0,0.0,0.0
0.0,0.0,0.0,0.0,0.0,0.0,0.0,0.0,0.0,0.0,0.0,0.0,0.0,0.0,0.0,0.0,0.0,0.0,0.0,0.0,0.0,0.0,0.0,0.0,0.0,0.0,0.0,0.0,0.0,0.0,0.0,0.0,0.0,0.0,0.0,0.0,0.0,0.0,0.0,0.0,0.0,0.0,0.0,0.0,0.0,0.0,0.0,0.0,0.0,0.0,0.0847499793,0.00260389,0.00032573240000000005,-0.0037016091000000003,0.0,0.0,0.0,0.0,0.0,0.0,0.0,0.0,0.0,0.0,0.0,0.0,0.0,0.0,0.0,0.0,0.0,0.0,0.0,0.0,0.0,0.0,0.0,0.0,0.0,0.0,0.0,0.0,0.0,0.0,0.0,0.0,0.0,0.0,0.0,0.0,0.0,0.0,0.0,0.0,0.0,0.0,0.0,0.0,0.0,0.0,0.0,0.0,0.0,0.0,0.0,0.0,0.0,0.0,0.0,0.0,0.0,0.0,0.0,0.0,0.0,0.0,0.0,0.0,0.0,0.0
0.0,0.0,0.0,0.0,0.0,0.0,0.0,0.0,0.0,0.0,0.0,0.0,0.0,0.0,0.0,0.0,0.0,0.0,0.0,0.0,0.0,0.0,0.0,0.0,0.0,0.0,0.0,0.0,0.0,0.0,0.0,0.0,0.0,0.0,0.0,0.0,0.0,0.0,0.0,0.0,0.0,0.0,0.0,0.0,0.0,0.0,0.0,0.0,0.0,0.0,0.00260389,0.0016251088,-0.0010044074,-0.000369879,0.0,0.0,0.0,0.0,0.0,0.0,0.0,0.0,0.0,0.0,0.0,0.0,0.0,0.0,0.0,0.0,0.0,0.0,0.0,0.0,0.0,0.0,0.0,0.0,0.0,0.0,0.0,0.0,0.0,0.0,0.0,0.0,0.0,0.0,0.0,0.0,0.0,0.0,0.0,0.0,0.0,0.0,0.0,0.0,0.0,0.0,0.0,0.0,0.0,0.0,0.0,0.0,0.0,0.0,0.0,0.0,0.0,0.0,0.0,0.0,0.0,0.0,0.0,0.0,0.0,0.0
0.0,0.0,0.0,0.0,0.0,0.0,0.0,0.0,0.0,0.0,0.0,0.0,0.0,0.0,0.0,0.0,0.0,0.0,0.0,0.0,0.0,0.0,0.0,0.0,0.0,0.0,0.0,0.0,0.0,0.0,0.0,0.0,0.0,0.0,0.0,0.0,0.0,0.0,0.0,0.0,0.0,0.0,0.0,0.0,0.0,0.0,0.0,0.0,0.0,0.0,0.00032573240000000005,-0.0010044074,0.0022370314,0.000646751,0.0,0.0,0.0,0.0,0.0,0.0,0.0,0.0,0.0,0.0,0.0,0.0,0.0,0.0,0.0,0.0,0.0,0.0,0.0,0.0,0.0,0.0,0.0,0.0,0.0,0.0,0.0,0.0,0.0,0.0,0.0,0.0,0.0,0.0,0.0,0.0,0.0,0.0,0.0,0.0,0.0,0.0,0.0,0.0,0.0,0.0,0.0,0.0,0.0,0.0,0.0,0.0,0.0,0.0,0.0,0.0,0.0,0.0,0.0,0.0,0.0,0.0,0.0,0.0,0.0,0.0
0.0,0.0,0.0,0.0,0.0,0.0,0.0,0.0,0.0,0.0,0.0,0.0,0.0,0.0,0.0,0.0,0.0,0.0,0.0,0.0,0.0,0.0,0.0,0.0,0.0,0.0,0.0,0.0,0.0,0.0,0.0,0.0,0.0,0.0,0.0,0.0,0.0,0.0,0.0,0.0,0.0,0.0,0.0,0.0,0.0,0.0,0.0,0.0,0.0,0.0,-0.0037016091000000003,-0.000369879,0.000646751,0.0034883220000000003,0.0,0.0,0.0,0.0,0.0,0.0,0.0,0.0,0.0,0.0,0.0,0.0,0.0,0.0,0.0,0.0,0.0,0.0,0.0,0.0,0.0,0.0,0.0,0.0,0.0,0.0,0.0,0.0,0.0,0.0,0.0,0.0,0.0,0.0,0.0,0.0,0.0,0.0,0.0,0.0,0.0,0.0,0.0,0.0,0.0,0.0,0.0,0.0,0.0,0.0,0.0,0.0,0.0,0.0,0.0,0.0,0.0,0.0,0.0,0.0,0.0,0.0,0.0,0.0,0.0,0.0
0.0,0.0,0.0,0.0,0.0,0.0,0.0,0.0,0.0,0.0,0.0,0.0,0.0,0.0,0.0,0.0,0.0,0.0,0.0,0.0,0.0,0.0,0.0,0.0,0.0,0.0,0.0,0.0,0.0,0.0,0.0,0.0,0.0,0.0,0.0,0.0,0.0,0.0,0.0,0.0,0.0,0.0,0.0,0.0,0.0,0.0,0.0,0.0,0.0,0.0,0.0,0.0,0.0,0.0,0.23425068860000003,0.0026159601,0.0013521001,-0.009533606,0.0,0.0,0.0,0.0,0.0,0.0,0.0,0.0,0.0,0.0,0.0,0.0,0.0,0.0,0.0,0.0,0.0,0.0,0.0,0.0,0.0,0.0,0.0,0.0,0.0,0.0,0.0,0.0,0.0,0.0,0.0,0.0,0.0,0.0,0.0,0.0,0.0,0.0,0.0,0.0,0.0,0.0,0.0,0.0,0.0,0.0,0.0,0.0,0.0,0.0,0.0,0.0,0.0,0.0,0.0,0.0,0.0,0.0,0.0,0.0,0.0,0.0
0.0,0.0,0.0,0.0,0.0,0.0,0.0,0.0,0.0,0.0,0.0,0.0,0.0,0.0,0.0,0.0,0.0,0.0,0.0,0.0,0.0,0.0,0.0,0.0,0.0,0.0,0.0,0.0,0.0,0.0,0.0,0.0,0.0,0.0,0.0,0.0,0.0,0.0,0.0,0.0,0.0,0.0,0.0,0.0,0.0,0.0,0.0,0.0,0.0,0.0,0.0,0.0,0.0,0.0,0.0026159601,0.0010309303,-0.0006654663000000001,-0.0005183903,0.0,0.0,0.0,0.0,0.0,0.0,0.0,0.0,0.0,0.0,0.0,0.0,0.0,0.0,0.0,0.0,0.0,0.0,0.0,0.0,0.0,0.0,0.0,0.0,0.0,0.0,0.0,0.0,0.0,0.0,0.0,0.0,0.0,0.0,0.0,0.0,0.0,0.0,0.0,0.0,0.0,0.0,0.0,0.0,0.0,0.0,0.0,0.0,0.0,0.0,0.0,0.0,0.0,0.0,0.0,0.0,0.0,0.0,0.0,0.0,0.0,0.0
0.0,0.0,0.0,0.0,0.0,0.0,0.0,0.0,0.0,0.0,0.0,0.0,0.0,0.0,0.0,0.0,0.0,0.0,0.0,0.0,0.0,0.0,0.0,0.0,0.0,0.0,0.0,0.0,0.0,0.0,0.0,0.0,0.0,0.0,0.0,0.0,0.0,0.0,0.0,0.0,0.0,0.0,0.0,0.0,0.0,0.0,0.0,0.0,0.0,0.0,0.0,0.0,0.0,0.0,0.0013521001,-0.0006654663000000001,0.0013997473,0.0009109619,0.0,0.0,0.0,0.0,0.0,0.0,0.0,0.0,0.0,0.0,0.0,0.0,0.0,0.0,0.0,0.0,0.0,0.0,0.0,0.0,0.0,0.0,0.0,0.0,0.0,0.0,0.0,0.0,0.0,0.0,0.0,0.0,0.0,0.0,0.0,0.0,0.0,0.0,0.0,0.0,0.0,0.0,0.0,0.0,0.0,0.0,0.0,0.0,0.0,0.0,0.0,0.0,0.0,0.0,0.0,0.0,0.0,0.0,0.0,0.0,0.0,0.0
0.0,0.0,0.0,0.0,0.0,0.0,0.0,0.0,0.0,0.0,0.0,0.0,0.0,0.0,0.0,0.0,0.0,0.0,0.0,0.0,0.0,0.0,0.0,0.0,0.0,0.0,0.0,0.0,0.0,0.0,0.0,0.0,0.0,0.0,0.0,0.0,0.0,0.0,0.0,0.0,0.0,0.0,0.0,0.0,0.0,0.0,0.0,0.0,0.0,0.0,0.0,0.0,0.0,0.0,-0.009533606,-0.0005183903,0.0009109619,0.004357571,0.0,0.0,0.0,0.0,0.0,0.0,0.0,0.0,0.0,0.0,0.0,0.0,0.0,0.0,0.0,0.0,0.0,0.0,0.0,0.0,0.0,0.0,0.0,0.0,0.0,0.0,0.0,0.0,0.0,0.0,0.0,0.0,0.0,0.0,0.0,0.0,0.0,0.0,0.0,0.0,0.0,0.0,0.0,0.0,0.0,0.0,0.0,0.0,0.0,0.0,0.0,0.0,0.0,0.0,0.0,0.0,0.0,0.0,0.0,0.0,0.0,0.0
0.0,0.0,0.0,0.0,0.0,0.0,0.0,0.0,0.0,0.0,0.0,0.0,0.0,0.0,0.0,0.0,0.0,0.0,0.0,0.0,0.0,0.0,0.0,0.0,0.0,0.0,0.0,0.0,0.0,0.0,0.0,0.0,0.0,0.0,0.0,0.0,0.0,0.0,0.0,0.0,0.0,0.0,0.0,0.0,0.0,0.0,0.0,0.0,0.0,0.0,0.0,0.0,0.0,0.0,0.0,0.0,0.0,0.0,0.3013788566,-0.00022051010000000002,0.0036332110000000003,-0.0098167826,0.0,0.0,0.0,0.0,0.0,0.0,0.0,0.0,0.0,0.0,0.0,0.0,0.0,0.0,0.0,0.0,0.0,0.0,0.0,0.0,0.0,0.0,0.0,0.0,0.0,0.0,0.0,0.0,0.0,0.0,0.0,0.0,0.0,0.0,0.0,0.0,0.0,0.0,0.0,0.0,0.0,0.0,0.0,0.0,0.0,0.0,0.0,0.0,0.0,0.0,0.0,0.0,0.0,0.0,0.0,0.0,0.0,0.0
0.0,0.0,0.0,0.0,0.0,0.0,0.0,0.0,0.0,0.0,0.0,0.0,0.0,0.0,0.0,0.0,0.0,0.0,0.0,0.0,0.0,0.0,0.0,0.0,0.0,0.0,0.0,0.0,0.0,0.0,0.0,0.0,0.0,0.0,0.0,0.0,0.0,0.0,0.0,0.0,0.0,0.0,0.0,0.0,0.0,0.0,0.0,0.0,0.0,0.0,0.0,0.0,0.0,0.0,0.0,0.0,0.0,0.0,-0.00022051010000000002,0.0005845806,-0.0006747133000000001,-0.00019133260000000002,0.0,0.0,0.0,0.0,0.0,0.0,0.0,0.0,0.0,0.0,0.0,0.0,0.0,0.0,0.0,0.0,0.0,0.0,0.0,0.0,0.0,0.0,0.0,0.0,0.0,0.0,0.0,0.0,0.0,0.0,0.0,0.0,0.0,0.0,0.0,0.0,0.0,0.0,0.0,0.0,0.0,0.0,0.0,0.0,0.0,0.0,0.0,0.0,0.0,0.0,0.0,0.0,0.0,0.0,0.0,0.0,0.0,0.0
0.0,0.0,0.0,0.0,0.0,0.0,0.0,0.0,0.0,0.0,0.0,0.0,0.0,0.0,0.0,0.0,0.0,0.0,0.0,0.0,0.0,0.0,0.0,0.0,0.0,0.0,0.0,0.0,0.0,0.0,0.0,0.0,0.0,0.0,0.0,0.0,0.0,0.0,0.0,0.0,0.0,0.0,0.0,0.0,0.0,0.0,0.0,0.0,0.0,0.0,0.0,0.0,0.0,0.0,0.0,0.0,0.0,0.0,0.0036332110000000003,-0.0006747133000000001,0.0019785658,0.0005357546,0.0,0.0,0.0,0.0,0.0,0.0,0.0,0.0,0.0,0.0,0.0,0.0,0.0,0.0,0.0,0.0,0.0,0.0,0.0,0.0,0.0,0.0,0.0,0.0,0.0,0.0,0.0,0.0,0.0,0.0,0.0,0.0,0.0,0.0,0.0,0.0,0.0,0.0,0.0,0.0,0.0,0.0,0.0,0.0,0.0,0.0,0.0,0.0,0.0,0.0,0.0,0.0,0.0,0.0,0.0,0.0,0.0,0.0
0.0,0.0,0.0,0.0,0.0,0.0,0.0,0.0,0.0,0.0,0.0,0.0,0.0,0.0,0.0,0.0,0.0,0.0,0.0,0.0,0.0,0.0,0.0,0.0,0.0,0.0,0.0,0.0,0.0,0.0,0.0,0.0,0.0,0.0,0.0,0.0,0.0,0.0,0.0,0.0,0.0,0.0,0.0,0.0,0.0,0.0,0.0,0.0,0.0,0.0,0.0,0.0,0.0,0.0,0.0,0.0,0.0,0.0,-0.0098167826,-0.00019133260000000002,0.0005357546,0.002626626,0.0,0.0,0.0,0.0,0.0,0.0,0.0,0.0,0.0,0.0,0.0,0.0,0.0,0.0,0.0,0.0,0.0,0.0,0.0,0.0,0.0,0.0,0.0,0.0,0.0,0.0,0.0,0.0,0.0,0.0,0.0,0.0,0.0,0.0,0.0,0.0,0.0,0.0,0.0,0.0,0.0,0.0,0.0,0.0,0.0,0.0,0.0,0.0,0.0,0.0,0.0,0.0,0.0,0.0,0.0,0.0,0.0,0.0
0.0,0.0,0.0,0.0,0.0,0.0,0.0,0.0,0.0,0.0,0.0,0.0,0.0,0.0,0.0,0.0,0.0,0.0,0.0,0.0,0.0,0.0,0.0,0.0,0.0,0.0,0.0,0.0,0.0,0.0,0.0,0.0,0.0,0.0,0.0,0.0,0.0,0.0,0.0,0.0,0.0,0.0,0.0,0.0,0.0,0.0,0.0,0.0,0.0,0.0,0.0,0.0,0.0,0.0,0.0,0.0,0.0,0.0,0.0,0.0,0.0,0.0,0.03460640082015084,-1.075891972826656e-5,6.105433685371171e-6,-0.0004006758348328971,0.0028594256091936596,0.0004194712421568042,0.00016973158776156582,-0.0012174476538864966,-0.00021127881961455986,-0.0009961889045335117,-0.0003056426799985892,-0.001053390262583652,-0.001273375807773206,0.0020296571858578194,0.0036946486198924894,0.00030518292637446003,0.004419463509270111,0.0008977462473942041,-0.0006837020495949064,-0.0005055300369910951,0.0002219642908122763,-0.0010196089243627799,-0.0002900621232808699,-0.0004692760356102904,0.003175157389248258,-0.000527352438747053,8.374152567031848e-5,4.7611233678079906e-5,0.00027562915078675683,-0.001166234057828417,-0.0010054766531558657,0.0004611384128657807,-0.0003379045385314877,7.726110217812031e-5,0.0006447047457014203,0.0002362876559288546,-0.0014246433651712825,-0.0012080180242584591,-0.0015928851293907536,8.754689021253675e-5,0.0013595462718598824,0.000703215702990065,-0.0006132720403621615,-0.0005005323511230678,0.0016990338947895892,-0.0010724693565337064,-0.0007886007992516223,0.000723456183372307,-0.0009717474997834879,-0.0005722463868395099,0.0019505034806989786,0.000711565244138686,-0.00027890669850314437,-0.0002838760635979627,-0.0006533799543310248,-0.00016680739291033208,-0.0026034692084817195,0.00038233325231183223
0.0,0.0,0.0,0.0,0.0,0.0,0.0,0.0,0.0,0.0,0.0,0.0,0.0,0.0,0.0,0.0,0.0,0.0,0.0,0.0,0.0,0.0,0.0,0.0,0.0,0.0,0.0,0.0,0.0,0.0,0.0,0.0,0.0,0.0,0.0,0.0,0.0,0.0,0.0,0.0,0.0,0.0,0.0,0.0,0.0,0.0,0.0,0.0,0.0,0.0,0.0,0.0,0.0,0.0,0.0,0.0,0.0,0.0,0.0,0.0,0.0,0.0,-1.075891972826656e-5,0.011663934340808948,0.0006115519860001752,0.0005028022713278585,-0.00048715530097001683,0.0005056259207968195,0.00018093394802837234,0.00010832285813012587,-0.00021593539166486487,0.00034243948015746304,6.993414911434916e-5,0.00036455366055062656,0.0002171286604183207,-0.00046914950418858284,-0.0011097455921216693,0.00013120947129473492,-0.0008383757049163146,2.847528002577138e-5,0.00015488602454106508,7.746745056214896e-5,0.0003326329233789539,6.72275698441539e-5,-7.640675347978802e-5,0.0003344279313309393,-0.0010456859048602518,0.00016761415153246714,-5.396870839475141e-5,-0.00044854872594892896,-0.00028555251585081167,0.0001433185626461615,-0.000131450013856683,-0.00016599352717722556,-9.150904948914447e-5,-4.7726605277912586e-5,-0.0003340856059690966,4.0114301667394016e-5,0.000783124841243507,0.00039099867208696365,0.0007945879388715453,-6.229892183235845e-5,-0.0008010987900131617,-0.0005254515262713952,9.734162097771681e-5,0.0005113477783425202,0.0008903682170216222,0.00034540828836353315,-4.1271669207865316e-5,-0.0004446258021786425,0.000305209043328086,0.00033439350949839155,-0.0010164966209181957,-0.0003820915117013719,0.00027010780312286444,-8.828549240801726e-5,0.00018693519886408844,-0.0001218544646262919,0.00111682056022928,-3.760692030434767e-5
0.0,0.0,0.0,0.0,0.0,0.0,0.0,0.0,0.0,0.0,0.0,0.0,0.0,0.0,0.0,0.0,0.0,0.0,0.0,0.0,0.0,0.0,0.0,0.0,0.0,0.0,0.0,0.0,0.0,0.0,0.0,0.0,0.0,0.0,0.0,0.0,0.0,0.0,0.0,0.0,0.0,0.0,0.0,0.0,0.0,0.0,0.0,0.0,0.0,0.0,0.0,0.0,0.0,0.0,0.0,0.0,0.0,0.0,0.0,0.0,0.0,0.0,6.105433685371171e-6,0.0006115519860001752,0.018222803837419102,0.00040004703711792305,0.00023958060612937394,0.00032965123807513917,0.000275697024969985,-8.086469945405906e-5,-0.0004360839360376533,0.00023605288077621557,5.16061729241667e-5,0.0004752731842929616,0.00012333737171095444,-0.0001725045362633133,-0.0008796746805489241,0.0002450448160071372,-4.456602777118693e-5,0.0002540149922563707,4.36289249030163e-5,2.19413468902529e-6,0.0005323779366505528,-0.0002532820025375069,-0.0002130750543533141,0.0003654243216949066,-0.000684522570613563,0.00014067457431459924,-0.0001693099651253412,-0.0005991912703441789,-0.00039036451817679057,-4.7866721878330196e-5,-0.00044205023192654815,-0.00011942209307913843,-0.00021228511453282324,-8.944836455072312e-5,-0.0002571260218650273,0.00020516959955510963,0.0010054419532466046,0.0002682206547120309,0.0007788309917079783,-6.370648530299618e-5,-0.0009190551983129962,-0.0006367997374216724,6.124592426991488e-5,0.0006674642115162787,0.0014085104427631462,0.00023564876996319417,-0.00024973064598130624,-0.0004552902202740103,0.0001873323876810016,0.00028002369811452296,-0.0010298723513433553,-0.0005746121458392616,0.00031403668059942037,-0.00021296314404787922,7.125609559129781e-5,-0.00018998973409470543,0.0010919878742585722,-6.741839067282215e-5
0.0,0.0,0.0,0.0,0.0,0.0,0.0,0.0,0.0,0.0,0.0,0.0,0.0,0.0,0.0,0.0,0.0,0.0,0.0,0.0,0.0,0.0,0.0,0.0,0.0,0.0,0.0,0.0,0.0,0.0,0.0,0.0,0.0,0.0,0.0,0.0,0.0,0.0,0.0,0.0,0.0,0.0,0.0,0.0,0.0,0.0,0.0,0.0,0.0,0.0,0.0,0.0,0.0,0.0,0.0,0.0,0.0,0.0,0.0,0.0,0.0,0.0,-0.0004006758348328971,0.0005028022713278585,0.00040004703711792305,0.010050212595694016,-0.0008262233193280184,0.00043591592134579603,0.00015821700827915608,0.00027175519144769807,-5.605387837185118e-5,0.0006917510964757503,9.30501188397728e-5,0.0006591055769091372,0.0005088650744829965,-0.0007464604212521007,-0.0017656984497221087,3.02266274861378e-5,-0.0015372492738918494,-0.0002144748743961747,0.0003592441135519603,0.00023214328838474667,0.00016822770525118182,0.00025339600710618665,-9.437971783255528e-5,0.0003980047246359233,-0.0016878667350657436,0.00023325432294150293,-6.67501749319965e-5,-0.0005679617918697583,-0.00044866718565646826,0.0003532292292777118,-1.8102470621412463e-5,-0.000297500044138064,-3.3936987341200174e-5,-9.527009557486183e-5,-0.0006113016412688355,0.0001316266446560517,0.0013664143885334028,0.0007841527879057516,0.0009592139170396098,-4.3234223938082135e-5,-0.0008322062974223428,-0.0007259507141673421,0.00028482017228540017,0.0006200437287415726,0.0005318005649433876,0.0006513423566628704,0.00014860227488660356,-0.0005696099590531832,0.0005588270959969732,0.000511710267146294,-0.0014750813881425169,-0.00036490259979210483,0.00035509742260297894,6.833908048122476e-6,0.00021279066021762927,-0.00031053439684566744,0.0018447758577114703,-7.145046438946985e-5
0.0,0.0,0.0,0.0,0.0,0.0,0.0,0.0,0.0,0.0,0.0,0.0,0.0,0.0,0.0,0.0,0.0,0.0,0.0,0.0,0.0,0.0,0.0,0.0,0.0,0.0,0.0,0.0,0.0,0.0,0.0,0.0,0.0,0.0,0.0,0.0,0.0,0.0,0.0,0.0,0.0,0.0,0.0,0.0,0.0,0.0,0.0,0.0,0.0,0.0,0.0,0.0,0.0,0.0,0.0,0.0,0.0,0.0,0.0,0.0,0.0,0.0,0.0028594256091936596,-0.00048715530097001683,0.00023958060612937394,-0.0008262233193280184,0.03239074441109684,-0.0002353240139664669,0.0007980870196827724,-0.0019405869594836629,5.9673240332602075e-5,-0.0016989026576120947,-0.0005048592688539469,-0.0019155020320120119,-0.0023564326679038302,0.0038582441120116238,0.00673814294334124,0.0008122684656838335,0.007319086869594771,0.0015902932365939209,-0.0011047744251324646,-0.0008337358825551219,9.304721545212824e-5,-0.0014495418563163808,-0.0004972331457719362,-0.0007715875794927778,0.005058669430030689,-0.0009113975414780026,9.444080425544939e-5,0.0002142092196681027,0.00045332104206332084,-0.0019932890570939945,-0.0013857391377934858,0.0005639868464684677,-0.0004281610398633344,3.781137305735038e-5,0.0009860667301150791,-9.5428543111575e-6,-0.002900109545724479,-0.0020913053426975785,-0.002536757305629188,1.2859775438073218e-5,0.0028688518414336415,0.0011373439966285196,-0.0008046445550253015,-0.0008113907329175445,0.00241958307290461,-0.0018891682608562158,-0.0009953883152414751,0.0011697203569285175,-0.0014560655339298095,-0.0008678720456153724,0.003116036631406661,0.0019432600356922667,-0.0007449260247392899,-0.0004945129657471778,-0.0010468592661317293,-0.00017094502370079907,-0.00421507747718099,0.00034045894490928696
0.0,0.0,0.0,0.0,0.0,0.0,0.0,0.0,0.0,0.0,0.0,0.0,0.0,0.0,0.0,0.0,0.0,0.0,0.0,0.0,0.0,0.0,0.0,0.0,0.0,0.0,0.0,0.0,0.0,0.0,0.0,0.0,0.0,0.0,0.0,0.0,0.0,0.0,0.0,0.0,0.0,0.0,0.0,0.0,0.0,0.0,0.0,0.0,0.0,0.0,0.0,0.0,0.0,0.0,0.0,0.0,0.0,0.0,0.0,0.0,0.0,0.0,0.0004194712421568042,0.0005056259207968195,0.00032965123807513917,0.00043591592134579603,-0.0002353240139664669,0.012787205438586116,0.00043075836085298145,-1.051080067852656e-5,-0.0002471472051802421,0.00020671945159352054,-1.3475775802229425e-5,0.00024322639858174634,-2.7771690576287214e-5,-0.00021439150950283467,-0.0006158966589861915,0.00010153560720150955,-0.0005102240278224299,2.3081202739676757e-5,3.9505674604046705e-5,-5.26363100733115e-5,0.00017192058813333413,-1.117546225112647e-5,-0.00011521044306876267,0.00017605079208870568,-0.0011310842830712423,-4.7259857628409156e-5,1.9124916327482735e-5,0.0007086510307367629,-0.00029235428692513956,1.0201114017244975e-5,-7.577626963453028e-5,-0.00031747680380724436,-0.00013617220229540265,-0.00017292752003002484,0.0006974847476514472,-0.00016802388001892497,0.0007061850950259519,0.00014963246603472627,0.0017194545746987405,-0.0002826431417966402,-0.0005175275634543384,-0.0006098076741440948,0.00014699414329246533,0.0003265109332481402,0.001196061522575949,0.0001429759733374992,-7.520507450580231e-5,-0.0006141103548058312,0.00013578475833680363,0.00016791707817937008,0.0003220308975488376,-0.00023711537437569013,8.14936070953286e-5,-0.000365870672226907,-1.6337908498671217e-5,0.0008498327864848372,0.0006281005831565573,-0.0002160108105957422
0.0,0.0,0.0,0.0,0.0,0.0,0.0,0.0,0.0,0.0,0.0,0.0,0.0,0.0,0.0,0.0,0.0,0.0,0.0,0.0,0.0,0.0,0.0,0.0,0.0,0.0,0.0,0.0,0.0,0.0,0.0,0.0,0.0,0.0,0.0,0.0,0.0,0.0,0.0,0.0,0.0,0.0,0.0,0.0,0.0,0.0,0.0,0.0,0.0,0.0,0.0,0.0,0.0,0.0,0.0,0.0,0.0,0.0,0.0,0.0,0.0,0.0,0.00016973158776156582,0.00018093394802837234,0.000275697024969985,0.00015821700827915608,0.0007980870196827724,0.00043075836085298145,0.032325895226373795,0.0011874005556045898,0.0010634012648520954,0.00013701575707077918,-0.00037857406665333515,5.497745080398621e-5,-0.0005151905021984252,0.0005150196680158036,0.0023734604832873303,0.00022257594755377584,-0.00047707210311260574,0.00015400725807042403,0.0003282780391591716,0.0001216714627896598,0.0006569597645159249,0.0004420657578346431,0.00022397741599069134,0.0006454317190247775,-0.0017789047503729567,-7.908233612683242e-5,0.000560956782209501,-0.00014831840625886987,0.00022337146824053268,-0.0004805091275571977,0.0008409348459862413,-0.00020133546100782623,-1.78771587317413e-5,0.0003213549675421749,-0.001149259592579443,-0.0014254177433415153,-0.0003388215745631786,-0.00017473988370584283,0.00013027021573977003,-0.0009267956637483232,0.0006941537627740902,3.240693509252638e-5,0.000508181831278385,0.0006676035688282721,0.0028343763213453583,-0.00023585994573395834,4.5498203890811295e-5,-0.0008623883216296431,0.0006751555460495163,0.00044683622298318865,-0.0003302897486500355,0.0010513948286759477,-7.939430436964763e-5,-0.0010264695808212836,0.0009384516753960567,-0.0007504253796486158,-0.002436279926336215,-0.0004823476790433793
0.0,0.0,0.0,0.0,0.0,0.0,0.0,0.0,0.0,0.0,0.0,0.0,0.0,0.0,0.0,0.0,0.0,0.0,0.0,0.0,0.0,0.0,0.0,0.0,0.0,0.0,0.0,0.0,0.0,0.0,0.0,0.0,0.0,0.0,0.0,0.0,0.0,0.0,0.0,0.0,0.0,0.0,0.0,0.0,0.0,0.0,0.0,0.0,0.0,0.0,0.0,0.0,0.0,0.0,0.0,0.0,0.0,0.0,0.0,0.0,0.0,0.0,-0.0012174476538864966,0.00010832285813012587,-8.086469945405906e-5,0.00027175519144769807,-0.0019405869594836629,-1.051080067852656e-5,0.0011874005556045898,0.026562935983945272,0.0005496409995243576,0.0006849794232550342,0.00014390971256581986,0.000894377600433103,0.0008240636127630542,-0.001613420353378158,-0.002143220172282929,-0.0003532196800205494,-0.0036914049387292975,-0.0007635211526678403,0.0005432870237574621,0.0003870971939255063,0.00033719617680134353,0.0007501198727329397,0.00039801055936789556,0.0006489077783735023,-0.002547159573918936,0.0004131819524592298,0.00025804886677849173,-0.00015573001213668342,5.8135379324933726e-5,0.0007897715415113705,0.0010627841253462564,-0.0001965282362182951,0.0001943005676138197,0.00019061575252902604,-0.000883474763252765,-0.0005744302540919283,0.0010458500679004655,0.0006319585160427486,0.0008377917495423816,-0.00030860387663714456,-0.0010886719696696413,-0.00033316708226479544,0.0005708941109426154,0.0004981097016047749,5.8782180229582154e-5,0.0005597547330701144,0.00047670964868014624,-0.0006579995514211477,0.0009273666194695333,0.00043392915449055316,-0.00122445204323956,-0.0008423984060284404,0.00025235056551404074,-0.0001141137863307241,0.0009626016416744854,-0.00021752728802032338,0.00020431175684476502,-0.00039283046033397953
0.0,0.0,0.0,0.0,0.0,0.0,0.0,0.0,0.0,0.0,0.0,0.0,0.0,0.0,0.0,0.0,0.0,0.0,0.0,0.0,0.0,0.0,0.0,0.0,0.0,0.0,0.0,0.0,0.0,0.0,0.0,0.0,0.0,0.0,0.0,0.0,0.0,0.0,0.0,0.0,0.0,0.0,0.0,0.0,0.0,0.0,0.0,0.0,0.0,0.0,0.0,0.0,0.0,0.0,0.0,0.0,0.0,0.0,0.0,0.0,0.0,0.0,-0.00021127881961455986,-0.00021593539166486487,-0.0004360839360376533,-5.605387837185118e-5,5.9673240332602075e-5,-0.0002471472051802421,0.0010634012648520954,0.0005496409995243576,0.025470178261720596,0.0002090655376193946,-0.00014604007695541302,0.0001727825567128671,3.3516631364029196e-5,-0.00017021037362880274,0.0005605885710893902,-7.229925609382713e-5,-0.000797928949158547,-0.00016959404061555344,0.00020136997177469884,0.00016847462043516654,0.00023135781022720715,0.00032572432851971317,0.00018122839123916324,0.000270423790233025,-0.0008735075021849159,5.390253581163381e-5,0.0002340625418585137,-3.642917338297467e-5,0.00017650103247774008,-4.084316675448334e-5,0.0004723360668957586,2.1694118153984683e-5,1.8206535764089145e-5,0.00020076271801550534,-0.0005681419636048505,-0.0005271162678689241,0.0001140929807162307,0.0003915351119461219,-7.93764252943194e-5,-0.0002803890295462697,7.693333346536793e-5,0.00023419685576726637,0.00014516386461805618,0.00012167421151800142,0.0006097292781865649,4.070719533119363e-6,6.226584476513592e-5,-0.00031239355099578914,0.0003327792648499256,0.0001712131431161978,3.0618078819815235e-5,0.00015010006809896255,4.137236940358228e-5,-0.00021958590208461963,0.0004980211226466483,-0.00030733529572261165,-0.0006629050220527965,-4.545773184462232e-5
0.0,0.0,0.0,0.0,0.0,0.0,0.0,0.0,0.0,0.0,0.0,0.0,0.0,0.0,0.0,0.0,0.0,0.0,0.0,0.0,0.0,0.0,0.0,0.0,0.0,0.0,0.0,0.0,0.0,0.0,0.0,0.0,0.0,0.0,0.0,0.0,0.0,0.0,0.0,0.0,0.0,0.0,0.0,0.0,0.0,0.0,0.0,0.0,0.0,0.0,0.0,0.0,0.0,0.0,0.0,0.0,0.0,0.0,0.0,0.0,0.0,0.0,-0.0009961889045335117,0.00034243948015746304,0.00023605288077621557,0.0006917510964757503,-0.0016989026576120947,0.00020671945159352054,0.00013701575707077918,0.0006849794232550342,0.0002090655376193946,0.015604027717075064,8.626822225506958e-5,0.0010550270829954708,0.0010555400216781029,-0.00158387929868864,-0.003122472572648027,-0.0002718876623069811,-0.0031791813583890625,-0.0007357735303610752,0.0005890308376123336,0.00037551791246020805,-7.392971079251342e-5,0.0005463208065978468,6.833539439765146e-5,0.000565749938483194,-0.0028176012812828354,0.0003805509489833631,-0.00011837467617535575,-0.0004901844025639727,-0.0005183119177208475,0.0008560904641384691,0.00030214160244976273,-0.00043177659771898616,3.97829913290899e-5,-6.361936217918232e-5,-0.0010166600172541926,0.0001033931814256747,0.0023618112236230768,0.0012705245597416043,0.0013668589974513282,-8.46099995839147e-5,-0.0010660848407856235,-0.0007267266503719685,0.0005513294304216522,0.000799885982460675,0.0005576396334445792,0.0011138952887269045,0.0002476832565931176,-0.0008927705608259356,0.000763204221400028,0.0007693241789261853,-0.0016881435653447934,-0.0008762613587542159,0.0006323867844985025,-1.4099700570467327e-5,0.000461550603469598,-0.00030653520953732047,0.0027881860634380736,-0.0002099181088623031
0.0,0.0,0.0,0.0,0.0,0.0,0.0,0.0,0.0,0.0,0.0,0.0,0.0,0.0,0.0,0.0,0.0,0.0,0.0,0.0,0.0,0.0,0.0,0.0,0.0,0.0,0.0,0.0,0.0,0.0,0.0,0.0,0.0,0.0,0.0,0.0,0.0,0.0,0.0,0.0,0.0,0.0,0.0,0.0,0.0,0.0,0.0,0.0,0.0,0.0,0.0,0.0,0.0,0.0,0.0,0.0,0.0,0.0,0.0,0.0,0.0,0.0,-0.0003056426799985892,6.993414911434916e-5,5.16061729241667e-5,9.30501188397728e-5,-0.0005048592688539469,-1.3475775802229425e-5,-0.00037857406665333515,0.00014390971256581986,-0.00014604007695541302,8.626822225506958e-5,0.010153347292304118,0.00019431799602535698,0.00011434390123063259,-0.00040532561606219654,-0.0009166150231837598,-8.379275606036475e-5,-0.0008805356816990301,-0.00018476587861483126,5.586382949476367e-5,0.00013472697473437297,9.373850711312596e-6,0.00012906744937742388,1.12505349767859e-5,3.188431647916162e-5,-3.155308339857992e-5,0.00012324317278934684,0.00011814545730300616,-4.493177374923193e-5,-4.967703033612968e-5,0.0001936012520584297,0.00023062420947158525,8.414374150207665e-6,3.910417540691596e-5,3.174331325348917e-5,8.602618745123576e-5,7.415828937153401e-5,-8.797108920261726e-5,7.934121126357979e-5,4.226683934785477e-5,0.00012427614090326097,-0.0005342499377787739,3.7578608931956777e-6,-1.3289863990393286e-6,-9.960453258421451e-5,-0.0006645562229528997,5.313921355065083e-5,9.048577218266865e-5,0.00011619327557660298,0.00014906706699063205,-8.780252803873922e-5,-0.00014112695749817777,-0.000586989408445327,-7.112985359649133e-5,0.00021254227154067945,3.204081943575491e-5,0.00010440209427457225,0.00039759093404926027,-2.902323378061827e-5
0.0,0.0,0.0,0.0,0.0,0.0,0.0,0.0,0.0,0.0,0.0,0.0,0.0,0.0,0.0,0.0,0.0,0.0,0.0,0.0,0.0,0.0,0.0,0.0,0.0,0.0,0.0,0.0,0.0,0.0,0.0,0.0,0.0,0.0,0.0,0.0,0.0,0.0,0.0,0.0,0.0,0.0,0.0,0.0,0.0,0.0,0.0,0.0,0.0,0.0,0.0,0.0,0.0,0.0,0.0,0.0,0.0,0.0,0.0,0.0,0.0,0.0,-0.001053390262583652,0.00036455366055062656,0.0004752731842929616,0.0006591055769091372,-0.0019155020320120119,0.00024322639858174634,5.497745080398621e-5,0.000894377600433103,0.0001727825567128671,0.0010550270829954708,0.00019431799602535698,0.022096032900450206,0.0012593628151010934,-0.001867486645775012,-0.0033909761144802317,-0.00026138634488446014,-0.003340095186681149,-0.000555153872112992,0.0006697273461356456,0.0005449397838688121,0.000657985783620947,0.00044255944906295666,3.441146586035559e-5,0.0008331803071243252,-0.002957584793078482,0.0006693236742289123,0.00011651865524684177,-0.0007006570052948065,-0.000488858697032248,0.0006826161241492744,0.00040996033961653147,-0.00015174607363786972,-7.622464996873776e-5,3.0880365887993286e-5,-0.0008760004980297122,6.014475521522694e-5,0.0022409168368571226,0.001324910115834002,0.0014674927110995795,-0.0001451359921786774,-0.00247298741901191,-0.0008272296492800886,0.0003781894024884719,0.0009572445476575854,0.0003689104339637131,0.0010058166184787555,9.635493828288316e-5,-0.000960770226019456,0.0009387630208156459,0.0005095124025228599,-0.0021949212537974274,-0.001878078982696751,0.000622367140759251,-3.754904078105886e-5,0.0007336617069844016,-0.00027380122814817635,0.002862450781004175,-0.00011169397044520024
0.0,0.0,0.0,0.0,0.0,0.0,0.0,0.0,0.0,0.0,0.0,0.0,0.0,0.0,0.0,0.0,0.0,0.0,0.0,0.0,0.0,0.0,0.0,0.0,0.0,0.0,0.0,0.0,0.0,0.0,0.0,0.0,0.0,0.0,0.0,0.0,0.0,0.0,0.0,0.0,0.0,0.0,0.0,0.0,0.0,0.0,0.0,0.0,0.0,0.0,0.0,0.0,0.0,0.0,0.0,0.0,0.0,0.0,0.0,0.0,0.0,0.0,-0.001273375807773206,0.0002171286604183207,0.00012333737171095444,0.0005088650744829965,-0.0023564326679038302,-2.7771690576287214e-5,-0.0005151905021984252,0.0008240636127630542,3.3516631364029196e-5,0.0010555400216781029,0.00011434390123063259,0.0012593628151010934,0.016038486515752317,-0.0019173130925313508,-0.003642421826950001,-0.00039375721178038154,-0.0033397018542607832,-0.0007745176720671911,0.0006306315366286588,0.0004024689461554414,-0.00011573997150128934,0.0005693153241537911,0.0002048594650325431,0.0005256946358133401,-0.0028564433495397996,0.0005417711616984238,-0.00014390386403307718,-0.00027837123719575546,-0.00033104966845080586,0.0010748477056185006,0.00042744736798652625,-0.00027601122622627973,0.00018718321084027658,-4.0005968843344954e-5,-0.0008432537370408384,0.00020367207080988086,0.002447469941725612,0.0011534848831444263,0.001383405811450102,-1.536799568955464e-5,-0.0014225799038444613,-0.0006633652245317106,0.0005383053402370366,0.0007490549787121942,-0.00019396022108772502,0.0012254131182938331,0.0003388144491574555,-0.0008235636958567583,0.0006493140694466664,0.0006232992403498884,-0.0017863442793963605,-0.0011991184602207054,0.0006766966190189066,5.117161829267818e-5,0.0004716601584256999,-0.00010717294068868798,0.0030815124028966134,-0.00018799642522667316
0.0,0.0,0.0,0.0,0.0,0.0,0.0,0.0,0.0,0.0,0.0,0.0,0.0,0.0,0.0,0.0,0.0,0.0,0.0,0.0,0.0,0.0,0.0,0.0,0.0,0.0,0.0,0.0,0.0,0.0,0.0,0.0,0.0,0.0,0.0,0.0,0.0,0.0,0.0,0.0,0.0,0.0,0.0,0.0,0.0,0.0,0.0,0.0,0.0,0.0,0.0,0.0,0.0,0.0,0.0,0.0,0.0,0.0,0.0,0.0,0.0,0.0,0.0020296571858578194,-0.00046914950418858284,-0.0001725045362633133,-0.0007464604212521007,0.0038582441120116238,-0.00021439150950283467,0.0005150196680158036,-0.001613420353378158,-0.00017021037362880274,-0.00158387929868864,-0.00040532561606219654,-0.001867486645775012,-0.0019173130925313508,0.03733498627288132,0.006138654363871518,0.0007732297010496892,0.00641466965036816,0.0015208046797438443,-0.0008741250879129262,-0.0006551990579901234,-0.0001604003641872416,-0.000984651179907535,-0.0002810265613401409,-0.0008806222887137083,0.004278813079393984,-0.0007814404061309808,9.472760289026941e-5,0.0004221793225831,0.0005461699075977902,-0.0016470819104376954,-0.0008494326922752316,0.00042714866621507,-0.00012035609596152838,-1.0338940832890905e-5,0.0011076692587662234,-0.00012872706874869486,-0.00336059327812552,-0.0018301605030032527,-0.0021466975614258164,1.9391421592796716e-5,0.0027647585318171203,0.0009840073135940935,-0.0007030061010316773,-0.0009161795295170612,0.00042471537935535555,-0.0015830643018226159,-0.00045780188160109045,0.0011480016159519585,-0.0012654653329772715,-0.0008584002422696678,0.0023546304200588617,0.002524186422433101,-0.0008656744923830244,-0.0002610125585368169,-0.0010037516733337282,1.0154401718258518e-5,-0.003760093325506485,0.0003310461609878444
0.0,0.0,0.0,0.0,0.0,0.0,0.0,0.0,0.0,0.0,0.0,0.0,0.0,0.0,0.0,0.0,0.0,0.0,0.0,0.0,0.0,0.0,0.0,0.0,0.0,0.0,0.0,0.0,0.0,0.0,0.0,0.0,0.0,0.0,0.0,0.0,0.0,0.0,0.0,0.0,0.0,0.0,0.0,0.0,0.0,0.0,0.0,0.0,0.0,0.0,0.0,0.0,0.0,0.0,0.0,0.0,0.0,0.0,0.0,0.0,0.0,0.0,0.0036946486198924894,-0.0011097455921216693,-0.0008796746805489241,-0.0017656984497221087,0.00673814294334124,-0.0006158966589861915,0.0023734604832873303,-0.002143220172282929,0.0005605885710893902,-0.003122472572648027,-0.0009166150231837598,-0.0033909761144802317,-0.003642421826950001,0.006138654363871518,0.06928430016590352,0.0011796703230150868,0.011237480732439563,0.002698091947033082,-0.001445725846975662,-0.0010345890641601718,0.0003410571785809938,-0.0014528903349958174,-0.00019769893312084037,-0.001423826837592632,0.007427388596501388,-0.0013850280254200597,0.0006644019227378947,0.0011113123685050751,0.0015916176196382212,-0.0033727984087298145,-0.0008191519513360409,0.001138500435605057,-0.00018362525194639634,0.0003593270457979472,0.001860522370341894,-0.0011152855830420753,-0.007149552633830046,-0.003489181608306275,-0.004478511071008131,-0.00040371505091140483,0.004874191892217644,0.002351113736265766,-0.0013895725655778686,-0.0018623625780921206,0.0009536938947870887,-0.0033341816766569504,-0.000824453218434504,0.0020362957102014853,-0.002003847454538049,-0.001781589890145526,0.004860799485611655,0.0046855784243119755,-0.0017625376251598783,-0.0007622230684407661,-0.001084045622970939,-0.0001467295071526689,-0.009490391601543703,0.0006715738631378509
0.0,0.0,0.0,0.0,0.0,0.0,0.0,0.0,0.0,0.0,0.0,0.0,0.0,0.0,0.0,0.0,0.0,0.0,0.0,0.0,0.0,0.0,0.0,0.0,0.0,0.0,0.0,0.0,0.0,0.0,0.0,0.0,0.0,0.0,0.0,0.0,0.0,0.0,0.0,0.0,0.0,0.0,0.0,0.0,0.0,0.0,0.0,0.0,0.0,0.0,0.0,0.0,0.0,0.0,0.0,0.0,0.0,0.0,0.0,0.0,0.0,0.0,0.00030518292637446003,0.00013120947129473492,0.0002450448160071372,3.02266274861378e-5,0.0008122684656838335,0.00010153560720150955,0.00022257594755377584,-0.0003532196800205494,-7.229925609382713e-5,-0.0002718876623069811,-8.379275606036475e-5,-0.00026138634488446014,-0.00039375721178038154,0.0007732297010496892,0.0011796703230150868,0.016498086411117812,0.0013999147175722264,0.0005708058871682623,-0.00014167636352709458,-0.00010254074756902336,0.00025469052716169056,-0.00020717901164168142,-0.00012272049914427235,-1.3338290255435748e-5,0.0005118597738336566,-7.189483515933839e-5,5.819755874242338e-5,-0.0001922221854362289,5.585067171754041e-6,-0.00040770381921462803,-0.0002936394380655558,2.7661325345486024e-5,-3.957982172656976e-5,-4.086865572696415e-5,0.00015159951973863728,-7.055636448079143e-5,-0.0005395182397078286,-0.00012240165439927076,-2.8320243542935564e-5,-4.5924761816101064e-5,0.00018948672065443226,-6.790213605618619e-5,-0.0001501052488941603,6.327861093041293e-5,0.000443339900410499,-0.0002587451802667611,-5.422358492468589e-5,3.6544560825028e-5,-0.00011518339324968428,-5.5429084363865626e-5,-6.976560776878572e-5,0.0005780849165630807,-0.00013839536260857468,-9.714010141969132e-5,-0.00013201514946675354,-2.802797060443883e-5,-0.000271214845595208,7.259426418944376e-5
0.0,0.0,0.0,0.0,0.0,0.0,0.0,0.0,0.0,0.0,0.0,0.0,0.0,0.0,0.0,0.0,0.0,0.0,0.0,0.0,0.0,0.0,0.0,0.0,0.0,0.0,0.0,0.0,0.0,0.0,0.0,0.0,0.0,0.0,0.0,0.0,0.0,0.0,0.0,0.0,0.0,0.0,0.0,0.0,0.0,0.0,0.0,0.0,0.0,0.0,0.0,0.0,0.0,0.0,0.0,0.0,0.0,0.0,0.0,0.0,0.0,0.0,0.004419463509270111,-0.0008383757049163146,-4.456602777118693e-5,-0.0015372492738918494,0.007319086869594771,-0.0005102240278224299,-0.00047707210311260574,-0.0036914049387292975,-0.000797928949158547,-0.0031791813583890625,-0.0008805356816990301,-0.003340095186681149,-0.0033397018542607832,0.00641466965036816,0.011237480732439563,0.0013999147175722264,0.05793372318760468,0.0031540227460615743,-0.0018566202953322476,-0.001390951979951655,6.624902392366681e-5,-0.002477885662078687,-0.0007105339079207,-0.00179582640388405,0.008976732118967858,-0.0014179458770518913,-0.00014253417731840615,0.0006079787808096539,0.0009958050126921455,-0.003278184118393506,-0.002464598771357297,0.0011644985405273316,-0.00039922979646306523,-9.089499648927653e-5,0.002526171680193054,0.00046372129641477445,-0.005742304454531582,-0.003366374064550847,-0.004185799586046418,0.00030209959129303765,0.004438169458428044,0.001770399883477744,-0.0017362379469354195,-0.0017199495391665648,0.0006690801658300865,-0.0030271751280666146,-0.0012708350665235546,0.002356307564860683,-0.0028246683189047505,-0.0018580918174174194,0.004470784993515285,0.004052136982285383,-0.0013905109352208356,-0.0003497970922965274,-0.0021908677753908496,6.431287091331203e-5,-0.006632992024681027,0.001001260088646247
0.0,0.0,0.0,0.0,0.0,0.0,0.0,0.0,0.0,0.0,0.0,0.0,0.0,0.0,0.0,0.0,0.0,0.0,0.0,0.0,0.0,0.0,0.0,0.0,0.0,0.0,0.0,0.0,0.0,0.0,0.0,0.0,0.0,0.0,0.0,0.0,0.0,0.0,0.0,0.0,0.0,0.0,0.0,0.0,0.0,0.0,0.0,0.0,0.0,0.0,0.0,0.0,0.0,0.0,0.0,0.0,0.0,0.0,0.0,0.0,0.0,0.0,0.0008977462473942041,2.847528002577138e-5,0.0002540149922563707,-0.0002144748743961747,0.0015902932365939209,2.3081202739676757e-5,0.00015400725807042403,-0.0007635211526678403,-0.00016959404061555344,-0.0007357735303610752,-0.00018476587861483126,-0.000555153872112992,-0.0007745176720671911,0.0015208046797438443,0.002698091947033082,0.0005708058871682623,0.0031540227460615743,0.02376410729075873,-0.00036880958356540493,-0.0002450393645948133,0.0004984195900330576,-0.0005570728489060048,-0.00018809212497837246,-0.00018420700426626134,0.0017285843341842933,-0.00016615554348336446,0.00014871271657860874,-0.00016040493656965747,0.000199639393325382,-0.000906615139482471,-0.0005505804082078552,0.0003048881988554606,-0.00010049919040988473,7.5995892331755385e-6,0.0005438222264191524,-5.3500684200822036e-5,-0.0014725184081101164,-0.0005849156881523116,-0.0006381825558473045,-3.68164819746656e-5,0.00035827229244319886,0.00022167696825793718,-0.00045600872961869493,-0.00014608525706265917,0.00040954664985651,-0.0007329255905755475,-0.0002719681484549259,0.00035718820401784367,-0.0004657629789441614,-0.000429606272100953,0.00039529054512135026,0.0008274734852351727,-0.00034329132111238903,-0.00016348334041691668,-0.0003256359701437215,-2.8852968341224003e-5,-0.0013418698583514135,0.00023821768002007536
0.0,0.0,0.0,0.0,0.0,0.0,0.0,0.0,0.0,0.0,0.0,0.0,0.0,0.0,0.0,0.0,0.0,0.0,0.0,0.0,0.0,0.0,0.0,0.0,0.0,0.0,0.0,0.0,0.0,0.0,0.0,0.0,0.0,0.0,0.0,0.0,0.0,0.0,0.0,0.0,0.0,0.0,0.0,0.0,0.0,0.0,0.0,0.0,0.0,0.0,0.0,0.0,0.0,0.0,0.0,0.0,0.0,0.0,0.0,0.0,0.0,0.0,-0.0006837020495949064,0.00015488602454106508,4.36289249030163e-5,0.0003592441135519603,-0.0011047744251324646,3.9505674604046705e-5,0.0003282780391591716,0.0005432870237574621,0.00020136997177469884,0.0005890308376123336,5.586382949476367e-5,0.0006697273461356456,0.0006306315366286588,-0.0008741250879129262,-0.001445725846975662,-0.00014167636352709458,-0.0018566202953322476,-0.00036880958356540493,0.014564944028693004,0.0002975021221566276,5.392536798640388e-5,0.0004099537176753342,9.207000176919222e-5,0.00037137609034659476,-0.0017125272570483881,0.0002847831434332678,0.00010657978075732272,-0.00024606081424943723,-0.00018690372436727887,0.00040585175156153283,0.0003742862285100265,-0.00016671174548947438,7.66448447471627e-5,3.421285919638231e-5,-0.0006131221882392137,-0.00013313005012674522,0.0009978743829423804,0.0006335825194031478,0.0006600481114973183,-0.00013139570839211897,-0.000728003842453514,-0.00032753365272041436,0.0003151639050843246,0.00045628230228777355,0.00011585671087837884,0.000592590343181546,0.0002082786101974517,-0.0004938588587577597,0.0005316035238604549,0.00037599424876760444,-0.0010599903671306226,-0.0004657066448604384,0.00028523858413246304,-4.824167735638321e-5,0.0004014847272643611,-0.0002072434776756655,0.001317542259075159,-0.00011797384978100067
0.0,0.0,0.0,0.0,0.0,0.0,0.0,0.0,0.0,0.0,0.0,0.0,0.0,0.0,0.0,0.0,0.0,0.0,0.0,0.0,0.0,0.0,0.0,0.0,0.0,0.0,0.0,0.0,0.0,0.0,0.0,0.0,0.0,0.0,0.0,0.0,0.0,0.0,0.0,0.0,0.0,0.0,0.0,0.0,0.0,0.0,0.0,0.0,0.0,0.0,0.0,0.0,0.0,0.0,0.0,0.0,0.0,0.0,0.0,0.0,0.0,0.0,-0.0005055300369910951,7.746745056214896e-5,2.19413468902529e-6,0.00023214328838474667,-0.0008337358825551219,-5.26363100733115e-5,0.0001216714627896598,0.0003870971939255063,0.00016847462043516654,0.00037551791246020805,0.00013472697473437297,0.0005449397838688121,0.0004024689461554414,-0.0006551990579901234,-0.0010345890641601718,-0.00010254074756902336,-0.001390951979951655,-0.0002450393645948133,0.0002975021221566276,0.019440348851849698,0.0001623177189183607,0.000318256585714154,5.068394637736269e-5,0.00027170673997912044,-0.0010387219286585381,0.0002479895349940949,0.0001727989968245752,-0.00023532241814270267,-0.00011190888506292379,0.0002347264861405298,0.00033535694128168517,-4.065768473329957e-5,3.287259343386197e-5,6.074518739140588e-5,-0.000362892200896264,-9.194160235863624e-5,0.00047188447142612014,0.0004800122709670187,0.00033261231253504145,-4.788477189649694e-5,-0.0007868480755870186,-0.00017448027699373806,0.00013489829732657365,0.0002276071836098338,-0.00023428350035543876,0.000342425036618319,0.00014072512531991844,-0.0002506982394852166,0.00042412297649725266,0.00015896703284915648,-0.0007564194367873099,-0.0005420756070176456,0.0001320537976287884,6.264609708990106e-5,0.0003159895159152246,-0.00014606441413818428,0.0008572051412692332,-2.0570003258794223e-5
0.0,0.0,0.0,0.0,0.0,0.0,0.0,0.0,0.0,0.0,0.0,0.0,0.0,0.0,0.0,0.0,0.0,0.0,0.0,0.0,0.0,0.0,0.0,0.0,0.0,0.0,0.0,0.0,0.0,0.0,0.0,0.0,0.0,0.0,0.0,0.0,0.0,0.0,0.0,0.0,0.0,0.0,0.0,0.0,0.0,0.0,0.0,0.0,0.0,0.0,0.0,0.0,0.0,0.0,0.0,0.0,0.0,0.0,0.0,0.0,0.0,0.0,0.0002219642908122763,0.0003326329233789539,0.0005323779366505528,0.00016822770525118182,9.304721545212824e-5,0.00017192058813333413,0.0006569597645159249,0.00033719617680134353,0.00023135781022720715,-7.392971079251342e-5,9.373850711312596e-6,0.000657985783620947,-0.00011573997150128934,-0.0001604003641872416,0.0003410571785809938,0.00025469052716169056,6.624902392366681e-5,0.0004984195900330576,5.392536798640388e-5,0.0001623177189183607,0.038290067239457305,-0.00020965539670543667,-0.00011006639969732258,0.0005513468095105344,-0.00038225894447775226,0.0003015213512422757,0.00026006512408637206,-0.0008017461942635911,1.803835178651463e-6,-0.0005212430684604101,-0.00011999409499655789,0.00035799063303514116,-0.0002951302167916553,0.00019430363490659307,-0.0001521091682829926,-0.00019310170318896858,-5.8328896692879875e-5,0.0005286274722099089,0.00022668780423320742,-0.00018564114966698584,-0.0018732727969945524,-0.0003206289862190916,-0.00033146347833244835,0.0004388028955134665,0.0009176875522114023,-0.0003119591735387683,-0.0002601154143478687,-0.0002635669134234104,0.0005077955206871038,-9.37182286395493e-5,-0.0009681483412110824,-0.0008731441547774405,7.601069763988144e-5,-8.382453423778661e-5,0.0006462279105841833,-0.0003431828179401133,-0.0006911984502795478,0.00030188219189472744
0.0,0.0,0.0,0.0,0.0,0.0,0.0,0.0,0.0,0.0,0.0,0.0,0.0,0.0,0.0,0.0,0.0,0.0,0.0,0.0,0.0,0.0,0.0,0.0,0.0,0.0,0.0,0.0,0.0,0.0,0.0,0.0,0.0,0.0,0.0,0.0,0.0,0.0,0.0,0.0,0.0,0.0,0.0,0.0,0.0,0.0,0.0,0.0,0.0,0.0,0.0,0.0,0.0,0.0,0.0,0.0,0.0,0.0,0.0,0.0,0.0,0.0,-0.0010196089243627799,6.72275698441539e-5,-0.0002532820025375069,0.00025339600710618665,-0.0014495418563163808,-1.117546225112647e-5,0.0004420657578346431,0.0007501198727329397,0.00032572432851971317,0.0005463208065978468,0.00012906744937742388,0.00044255944906295666,0.0005693153241537911,-0.000984651179907535,-0.0014528903349958174,-0.00020717901164168142,-0.002477885662078687,-0.0005570728489060048,0.0004099537176753342,0.000318256585714154,-0.00020965539670543667,0.0990216588530232,0.0002554102517706307,0.0002630547970700069,-0.001832787549763359,0.00023333366313309868,0.00014531640365322834,0.00010457825612647584,-1.678748044865591e-5,0.0006101172073975199,0.0007754024112702016,-0.00026577473493827233,0.00023807752058202874,4.4493150154127605e-5,-0.0005044853186818099,-0.000360004500872781,0.0005837097307885481,0.0005113899773498714,0.0006875580555928664,-0.00014877940667580182,-0.00030113884893007733,-0.00021452434885817456,0.00040216859336490653,0.0002010572841594455,-0.00035239880735882874,0.0005565629510313639,0.0004560762291454258,-0.0004259233115017871,0.0005762933661950868,0.0003644247626443414,-0.0007724027416739554,-9.433638144114505e-5,0.0001551033977570857,4.42002482154037e-5,0.000462409548579367,2.086232270899648e-5,0.0008656385049248164,-0.00022187341988750617
0.0,0.0,0.0,0.0,0.0,0.0,0.0,0.0,0.0,0.0,0.0,0.0,0.0,0.0,0.0,0.0,0.0,0.0,0.0,0.0,0.0,0.0,0.0,0.0,0.0,0.0,0.0,0.0,0.0,0.0,0.0,0.0,0.0,0.0,0.0,0.0,0.0,0.0,0.0,0.0,0.0,0.0,0.0,0.0,0.0,0.0,0.0,0.0,0.0,0.0,0.0,0.0,0.0,0.0,0.0,0.0,0.0,0.0,0.0,0.0,0.0,0.0,-0.0002900621232808699,-7.640675347978802e-5,-0.0002130750543533141,-9.437971783255528e-5,-0.0004972331457719362,-0.00011521044306876267,0.00022397741599069134,0.00039801055936789556,0.00018122839123916324,6.833539439765146e-5,1.12505349767859e-5,3.441146586035559e-5,0.0002048594650325431,-0.0002810265613401409,-0.00019769893312084037,-0.00012272049914427235,-0.0007105339079207,-0.00018809212497837246,9.207000176919222e-5,5.068394637736269e-5,-0.00011006639969732258,0.0002554102517706307,0.02813466130917273,4.5588601617673144e-5,-0.000391897197621388,6.385758125821994e-5,8.231775250370073e-5,0.0001833561960648057,0.00018696435818542023,0.00023797810668115012,0.00039367818271894767,-1.1707487346341542e-5,0.0001560201148488158,7.95079007803225e-5,-0.0001335051540933257,-0.00020256907335625623,-3.0277911967197876e-5,-3.6200857498584725e-5,9.43794890037988e-6,-7.150210095814384e-5,0.00011781732059579159,0.00013460745588668102,0.00015383774837867802,-3.3033811535151336e-5,-9.381000118921969e-5,7.380080242827752e-5,0.00017504771977912048,-6.279619897579603e-5,7.305660042665458e-5,1.618358407201147e-5,2.7649017583694926e-5,2.8889285762809714e-5,1.0596461723564029e-5,-4.6148739812782886e-5,0.00016856954671196672,3.5540934976294393e-5,-0.00028925563448940793,-0.00010972342916011666
0.0,0.0,0.0,0.0,0.0,0.0,0.0,0.0,0.0,0.0,0.0,0.0,0.0,0.0,0.0,0.0,0.0,0.0,0.0,0.0,0.0,0.0,0.0,0.0,0.0,0.0,0.0,0.0,0.0,0.0,0.0,0.0,0.0,0.0,0.0,0.0,0.0,0.0,0.0,0.0,0.0,0.0,0.0,0.0,0.0,0.0,0.0,0.0,0.0,0.0,0.0,0.0,0.0,0.0,0.0,0.0,0.0,0.0,0.0,0.0,0.0,0.0,-0.0004692760356102904,0.0003344279313309393,0.0003654243216949066,0.0003980047246359233,-0.0007715875794927778,0.00017605079208870568,0.0006454317190247775,0.0006489077783735023,0.000270423790233025,0.000565749938483194,3.188431647916162e-5,0.0008331803071243252,0.0005256946358133401,-0.0008806222887137083,-0.001423826837592632,-1.3338290255435748e-5,-0.00179582640388405,-0.00018420700426626134,0.00037137609034659476,0.00027170673997912044,0.0005513468095105344,0.0002630547970700069,4.5588601617673144e-5,0.024057542791798062,-0.0017817381504855948,0.000373549916558645,0.0001999722944019558,-0.0005640535076406391,-0.00023271559077884003,0.00028142375909325857,0.0002473805994393868,-0.00011072795234438904,-4.252382262098734e-5,8.360382038941956e-5,-0.0007179212291307933,-0.00019001651769694805,0.0011947147411647404,0.0007167857758725142,0.0008349824382528123,-0.00019850940487779528,-0.001251009755213157,-0.0004411966819444175,0.0002517446126978244,0.000682297878901353,0.0009611528990876504,0.00047353466688505007,3.955152715732135e-5,-0.0006591880176792118,0.000615853604425142,0.00038437766619822423,-0.0013210169498761466,-0.0008467606198113066,0.0003180319823235744,-0.00018918542649282703,0.0005636560546840636,-0.00030706226842044064,0.0012785577486815031,-0.00012153700898099758
0.0,0.0,0.0,0.0,0.0,0.0,0.0,0.0,0.0,0.0,0.0,0.0,0.0,0.0,0.0,0.0,0.0,0.0,0.0,0.0,0.0,0.0,0.0,0.0,0.0,0.0,0.0,0.0,0.0,0.0,0.0,0.0,0.0,0.0,0.0,0.0,0.0,0.0,0.0,0.0,0.0,0.0,0.0,0.0,0.0,0.0,0.0,0.0,0.0,0.0,0.0,0.0,0.0,0.0,0.0,0.0,0.0,0.0,0.0,0.0,0.0,0.0,0.003175157389248258,-0.0010456859048602518,-0.000684522570613563,-0.0016878667350657436,0.005058669430030689,-0.0011310842830712423,-0.0017789047503729567,-0.002547159573918936,-0.0008735075021849159,-0.0028176012812828354,-3.155308339857992e-5,-0.002957584793078482,-0.0028564433495397996,0.004278813079393984,0.007427388596501388,0.0005118597738336566,0.008976732118967858,0.0017285843341842933,-0.0017125272570483881,-0.0010387219286585381,-0.00038225894447775226,-0.001832787549763359,-0.000391897197621388,-0.0017817381504855948,0.028287515167903243,-0.0010586529177703107,0.0002988012735750218,0.0006642598680646254,0.0010678792233261357,-0.0020813739409980465,-0.0014607742008410601,0.0012200211264439729,-0.00017458722717316992,8.014131793438264e-5,0.002632898227985743,0.0006946967154280695,-0.005904459033158624,-0.0033500690632189186,-0.004687894261465143,0.000830742591273319,0.0031710293670394398,0.0022340911210815503,-0.001597355409680205,-0.00245665528963042,-0.001731259013962338,-0.0028952838288654435,-0.0008601507403202543,0.0030416912228751654,-0.002427691125806257,-0.0022212649377056307,0.004671015404141875,0.0017252830258602633,-0.0015862975878894122,0.0005352503938413684,-0.0019157422521300037,0.00037998501779574784,-0.006343600846889902,0.0007072927296068812
0.0,0.0,0.0,0.0,0.0,0.0,0.0,0.0,0.0,0.0,0.0,0.0,0.0,0.0,0.0,0.0,0.0,0.0,0.0,0.0,0.0,0.0,0.0,0.0,0.0,0.0,0.0,0.0,0.0,0.0,0.0,0.0,0.0,0.0,0.0,0.0,0.0,0.0,0.0,0.0,0.0,0.0,0.0,0.0,0.0,0.0,0.0,0.0,0.0,0.0,0.0,0.0,0.0,0.0,0.0,0.0,0.0,0.0,0.0,0.0,0.0,0.0,-0.000527352438747053,0.00016761415153246714,0.00014067457431459924,0.00023325432294150293,-0.0009113975414780026,-4.7259857628409156e-5,-7.908233612683242e-5,0.0004131819524592298,5.390253581163381e-5,0.0003805509489833631,0.00012324317278934684,0.0006693236742289123,0.0005417711616984238,-0.0007814404061309808,-0.0013850280254200597,-7.189483515933839e-5,-0.0014179458770518913,-0.00016615554348336446,0.0002847831434332678,0.0002479895349940949,0.0003015213512422757,0.00023333366313309868,6.385758125821994e-5,0.000373549916558645,-0.0010586529177703107,0.03194463574927351,0.00019048018965179254,-0.0003704697002094757,-0.00012215531178262615,0.00031031301389101973,0.0002487827178519837,5.162529956054655e-6,4.5665813234918857e-5,5.716333919047098e-5,-0.00036479667845045334,-1.216488099598279e-5,0.0006480904332589612,0.00045070863761999583,0.00047116951873328844,-1.8450743823095434e-5,-0.0011426311047569434,-0.00024002582419619558,0.0001221109021285849,0.00036106902437750197,-5.097585878105958e-5,0.0003833208321089167,0.00010318302172342536,-0.00029811710446413616,0.00038843325161127764,0.00013587384699156695,-0.0010377505926985372,-0.0008512162583502336,0.00019528380308009887,3.618231638960341e-5,0.0003338067515767987,-0.00012009500437213726,0.0012418460504295713,-3.971491916433691e-5
0.0,0.0,0.0,0.0,0.0,0.0,0.0,0.0,0.0,0.0,0.0,0.0,0.0,0.0,0.0,0.0,0.0,0.0,0.0,0.0,0.0,0.0,0.0,0.0,0.0,0.0,0.0,0.0,0.0,0.0,0.0,0.0,0.0,0.0,0.0,0.0,0.0,0.0,0.0,0.0,0.0,0.0,0.0,0.0,0.0,0.0,0.0,0.0,0.0,0.0,0.0,0.0,0.0,0.0,0.0,0.0,0.0,0.0,0.0,0.0,0.0,0.0,8.374152567031848e-5,-5.396870839475141e-5,-0.0001693099651253412,-6.67501749319965e-5,9.444080425544939e-5,1.9124916327482735e-5,0.000560956782209501,0.00025804886677849173,0.0002340625418585137,-0.00011837467617535575,0.00011814545730300616,0.00011651865524684177,-0.00014390386403307718,9.472760289026941e-5,0.0006644019227378947,5.819755874242338e-5,-0.00014253417731840615,0.00014871271657860874,0.00010657978075732272,0.0001727989968245752,0.00026006512408637206,0.00014531640365322834,8.231775250370073e-5,0.0001999722944019558,0.0002988012735750218,0.00019048018965179254,0.038260585523085616,-0.00012070118795584832,0.0001661426337223939,-0.00019027977865805637,0.00032940879567461154,0.00017191271356890137,0.00014171031054745727,0.00020915826185569975,5.199636908120725e-5,-0.00040159401423513387,-0.0007174384702869208,-0.00016629315651202182,-0.00033477569889844546,-0.0001473654267163849,-0.0004367015523492675,0.0004272461021088439,-3.6076348459362024e-5,-7.370144195549826e-5,0.0006014560621323587,-0.0002912582084072619,3.959012335881909e-5,0.00010537446472100812,0.00014659861419729446,-0.00032328084634959935,0.00015672368582559515,-0.00044824430848479385,-0.00028226543457016357,-0.0001585355100791839,0.00016873101004617083,-1.7307233967949736e-5,-0.00047825735928065156,-0.000145164488558585
0.0,0.0,0.0,0.0,0.0,0.0,0.0,0.0,0.0,0.0,0.0,0.0,0.0,0.0,0.0,0.0,0.0,0.0,0.0,0.0,0.0,0.0,0.0,0.0,0.0,0.0,0.0,0.0,0.0,0.0,0.0,0.0,0.0,0.0,0.0,0.0,0.0,0.0,0.0,0.0,0.0,0.0,0.0,0.0,0.0,0.0,0.0,0.0,0.0,0.0,0.0,0.0,0.0,0.0,0.0,0.0,0.0,0.0,0.0,0.0,0.0,0.0,4.7611233678079906e-5,-0.00044854872594892896,-0.0005991912703441789,-0.0005679617918697583,0.0002142092196681027,0.0007086510307367629,-0.00014831840625886987,-0.00015573001213668342,-3.642917338297467e-5,-0.0004901844025639727,-4.493177374923193e-5,-0.0007006570052948065,-0.00027837123719575546,0.0004221793225831,0.0011113123685050751,-0.0001922221854362289,0.0006079787808096539,-0.00016040493656965747,-0.00024606081424943723,-0.00023532241814270267,-0.0008017461942635911,0.00010457825612647584,0.0001833561960648057,-0.0005640535076406391,0.0006642598680646254,-0.0003704697002094757,-0.00012070118795584832,0.01827798210329751,0.0004167665190759576,-2.2084045915523076e-5,0.0003797748747925989,-3.447600055892654e-5,0.00018522976782907625,-5.8631348261405684e-5,0.0013078261410375985,-0.00032679436790198843,-0.0009930068124989636,-0.000883575953208381,0.0002562433426084409,-0.00011761234876291862,0.0012918763596369638,0.0004613074365792712,1.9198938030246937e-5,-0.0006892873900673492,-0.001110819696129004,-0.00036187595800899294,0.00011540851683684013,0.00027793633245172186,-0.0005162677618475482,-0.0003494746689261763,0.002257001184461327,0.0007326800204157463,-0.0003958444225633693,-0.0001279380899246792,-0.00032144002129429465,0.0012468614766460845,-0.001464347481918429,-0.00017680279397436875
0.0,0.0,0.0,0.0,0.0,0.0,0.0,0.0,0.0,0.0,0.0,0.0,0.0,0.0,0.0,0.0,0.0,0.0,0.0,0.0,0.0,0.0,0.0,0.0,0.0,0.0,0.0,0.0,0.0,0.0,0.0,0.0,0.0,0.0,0.0,0.0,0.0,0.0,0.0,0.0,0.0,0.0,0.0,0.0,0.0,0.0,0.0,0.0,0.0,0.0,0.0,0.0,0.0,0.0,0.0,0.0,0.0,0.0,0.0,0.0,0.0,0.0,0.00027562915078675683,-0.00028555251585081167,-0.00039036451817679057,-0.00044866718565646826,0.00045332104206332084,-0.00029235428692513956,0.00022337146824053268,5.8135379324933726e-5,0.00017650103247774008,-0.0005183119177208475,-4.967703033612968e-5,-0.000488858697032248,-0.00033104966845080586,0.0005461699075977902,0.0015916176196382212,5.585067171754041e-6,0.0009958050126921455,0.000199639393325382,-0.00018690372436727887,-0.00011190888506292379,1.803835178651463e-6,-1.678748044865591e-5,0.00018696435818542023,-0.00023271559077884003,0.0010678792233261357,-0.00012215531178262615,0.0001661426337223939,0.0004167665190759576,0.02498275660255739,-0.00026272986349089615,0.00025983212645859386,0.0002847678677100374,0.00013402848696664893,0.0001583716422912911,0.0003083270615919947,-0.0003006812180000913,-0.0012946748393255177,-0.0006974276552203326,-0.000848662984917814,-5.1351946284495075e-5,0.0006442873870636253,0.0005754360237599911,-0.00014747346033797346,-0.00045509701441960365,-0.00028692602557035064,-0.0005243227335255379,2.7960023299416517e-5,0.00040530101269053374,-0.0003059963247685112,-0.00038438485256182136,0.0009387444407216657,0.00045494450874954844,-0.0002869922759524525,-5.845104656433807e-5,-7.554096133704063e-6,9.27809178951732e-5,-0.0019584225845944393,3.3363994632521255e-5
0.0,0.0,0.0,0.0,0.0,0.0,0.0,0.0,0.0,0.0,0.0,0.0,0.0,0.0,0.0,0.0,0.0,0.0,0.0,0.0,0.0,0.0,0.0,0.0,0.0,0.0,0.0,0.0,0.0,0.0,0.0,0.0,0.0,0.0,0.0,0.0,0.0,0.0,0.0,0.0,0.0,0.0,0.0,0.0,0.0,0.0,0.0,0.0,0.0,0.0,0.0,0.0,0.0,0.0,0.0,0.0,0.0,0.0,0.0,0.0,0.0,0.0,-0.001166234057828417,0.0001433185626461615,-4.7866721878330196e-5,0.0003532292292777118,-0.0019932890570939945,1.0201114017244975e-5,-0.0004805091275571977,0.0007897715415113705,-4.084316675448334e-5,0.0008560904641384691,0.0001936012520584297,0.0006826161241492744,0.0010748477056185006,-0.0016470819104376954,-0.0033727984087298145,-0.00040770381921462803,-0.003278184118393506,-0.000906615139482471,0.00040585175156153283,0.0002347264861405298,-0.0005212430684604101,0.0006101172073975199,0.00023797810668115012,0.00028142375909325857,-0.0020813739409980465,0.00031031301389101973,-0.00019027977865805637,-2.2084045915523076e-5,-0.00026272986349089615,0.05887044631190158,0.000489947484695879,-0.00041029043208608827,0.0002359687111092536,-8.583783346016191e-5,-0.0006008629577716679,0.00019341962539614054,0.001891834010006134,0.000757717973676234,0.0011019731846474033,0.00010067657597043153,-0.0005378323729565137,-0.0004710199141416519,0.0005653189951629516,0.00036169212125443124,-0.0002638918864854765,0.0009718831074446573,0.000433784465991326,-0.0005168525288001601,0.0004548653106855392,0.000544480086606625,-0.0010350603760856385,-0.0007487243383804718,0.0004569741681745594,0.00017429924045125073,0.0002465378784825535,9.378886673665078e-5,0.0023551044026929565,-0.00031274134478979606
0.0,0.0,0.0,0.0,0.0,0.0,0.0,0.0,0.0,0.0,0.0,0.0,0.0,0.0,0.0,0.0,0.0,0.0,0.0,0.0,0.0,0.0,0.0,0.0,0.0,0.0,0.0,0.0,0.0,0.0,0.0,0.0,0.0,0.0,0.0,0.0,0.0,0.0,0.0,0.0,0.0,0.0,0.0,0.0,0.0,0.0,0.0,0.0,0.0,0.0,0.0,0.0,0.0,0.0,0.0,0.0,0.0,0.0,0.0,0.0,0.0,0.0,-0.0010054766531558657,-0.000131450013856683,-0.00044205023192654815,-1.8102470621412463e-5,-0.0013857391377934858,-7.577626963453028e-5,0.0008409348459862413,0.0010627841253462564,0.0004723360668957586,0.00030214160244976273,0.00023062420947158525,0.00040996033961653147,0.00042744736798652625,-0.0008494326922752316,-0.0008191519513360409,-0.0002936394380655558,-0.002464598771357297,-0.0005505804082078552,0.0003742862285100265,0.00033535694128168517,-0.00011999409499655789,0.0007754024112702016,0.00039367818271894767,0.0002473805994393868,-0.0014607742008410601,0.0002487827178519837,0.00032940879567461154,0.0003797748747925989,0.00025983212645859386,0.000489947484695879,0.06371691207255048,-9.928696925086601e-5,0.0002764837147389745,0.00022473980261752315,-0.00040270771632757856,-0.0006776469721124107,-0.0003480471561703158,3.1794035280782304e-5,0.00021265725213013797,-0.0002370115528986013,-0.0003051508423212864,0.00021286383671550532,0.0003577507882643865,-6.575554558396412e-5,-0.0009224159421910816,0.0002330935663945093,0.00042755440356269305,-0.00026912874135190173,0.0004916622318225799,5.114481351425066e-5,-0.0002586785586687436,-0.00031764534355723016,-0.00015138824819391333,-7.592597752237816e-5,0.0005431858746321743,6.420756811857804e-5,-0.00013272518484162685,-0.0002879138339287184
0.0,0.0,0.0,0.0,0.0,0.0,0.0,0.0,0.0,0.0,0.0,0.0,0.0,0.0,0.0,0.0,0.0,0.0,0.0,0.0,0.0,0.0,0.0,0.0,0.0,0.0,0.0,0.0,0.0,0.0,0.0,0.0,0.0,0.0,0.0,0.0,0.0,0.0,0.0,0.0,0.0,0.0,0.0,0.0,0.0,0.0,0.0,0.0,0.0,0.0,0.0,0.0,0.0,0.0,0.0,0.0,0.0,0.0,0.0,0.0,0.0,0.0,0.0004611384128657807,-0.00016599352717722556,-0.00011942209307913843,-0.000297500044138064,0.0005639868464684677,-0.00031747680380724436,-0.00020133546100782623,-0.0001965282362182951,2.1694118153984683e-5,-0.00043177659771898616,8.414374150207665e-6,-0.00015174607363786972,-0.00027601122622627973,0.00042714866621507,0.001138500435605057,2.7661325345486024e-5,0.0011644985405273316,0.0003048881988554606,-0.00016671174548947438,-4.065768473329957e-5,0.00035799063303514116,-0.00026577473493827233,-1.1707487346341542e-5,-0.00011072795234438904,0.0012200211264439729,5.162529956054655e-6,0.00017191271356890137,-3.447600055892654e-5,0.0002847678677100374,-0.00041029043208608827,-9.928696925086601e-5,0.01743904125255013,-5.437990237501691e-5,0.00014322904013951382,0.0002876117156670592,8.097863793244542e-6,-0.0009731029982957927,-0.0004249175901832994,-0.0008486414886142635,6.955813760972368e-5,-0.0001891388183050183,0.0004119873413880998,-0.0003252024691489055,-0.00027473984312313747,-0.0002660821769378658,-0.00046725136254176366,-0.00019716836464123854,0.00043166856646276115,-0.00022566503109449693,-0.0004164639460259427,0.0004702091254121079,-0.00021383951509273134,-0.00016747965792044013,6.734147630183316e-5,-7.346569883523584e-6,-6.579673639269181e-5,-0.001234352262692664,0.0002247037340702583
0.0,0.0,0.0,0.0,0.0,0.0,0.0,0.0,0.0,0.0,0.0,0.0,0.0,0.0,0.0,0.0,0.0,0.0,0.0,0.0,0.0,0.0,0.0,0.0,0.0,0.0,0.0,0.0,0.0,0.0,0.0,0.0,0.0,0.0,0.0,0.0,0.0,0.0,0.0,0.0,0.0,0.0,0.0,0.0,0.0,0.0,0.0,0.0,0.0,0.0,0.0,0.0,0.0,0.0,0.0,0.0,0.0,0.0,0.0,0.0,0.0,0.0,-0.0003379045385314877,-9.150904948914447e-5,-0.00021228511453282324,-3.3936987341200174e-5,-0.0004281610398633344,-0.00013617220229540265,-1.78771587317413e-5,0.0001943005676138197,1.8206535764089145e-5,3.97829913290899e-5,3.910417540691596e-5,-7.622464996873776e-5,0.00018718321084027658,-0.00012035609596152838,-0.00018362525194639634,-3.957982172656976e-5,-0.00039922979646306523,-0.00010049919040988473,7.66448447471627e-5,3.287259343386197e-5,-0.0002951302167916553,0.00023807752058202874,0.0001560201148488158,-4.252382262098734e-5,-0.00017458722717316992,4.5665813234918857e-5,0.00014171031054745727,0.00018522976782907625,0.00013402848696664893,0.0002359687111092536,0.0002764837147389745,-5.437990237501691e-5,0.01650113157762619,3.2899329256801434e-5,-3.227779792882317e-5,-0.00011954053720342347,-5.6958763128109145e-5,-6.989484897392152e-5,4.063688680813234e-6,-1.4558532692303002e-5,0.0002979242666923919,0.00014500109216712258,0.0001619930075022696,-5.9786772847557876e-5,-0.00031877994217204605,9.737703677010966e-5,0.0002368733397676079,1.958385167664386e-5,1.3925589582386094e-6,2.4381062779614245e-6,3.4300179551179514e-5,0.00018890285551366207,-6.905044973454264e-5,-8.038227237413619e-6,-1.8736296379338839e-6,7.746715227730688e-5,5.0634927431846507e-5,-0.00015400330851066612
0.0,0.0,0.0,0.0,0.0,0.0,0.0,0.0,0.0,0.0,0.0,0.0,0.0,0.0,0.0,0.0,0.0,0.0,0.0,0.0,0.0,0.0,0.0,0.0,0.0,0.0,0.0,0.0,0.0,0.0,0.0,0.0,0.0,0.0,0.0,0.0,0.0,0.0,0.0,0.0,0.0,0.0,0.0,0.0,0.0,0.0,0.0,0.0,0.0,0.0,0.0,0.0,0.0,0.0,0.0,0.0,0.0,0.0,0.0,0.0,0.0,0.0,7.726110217812031e-5,-4.7726605277912586e-5,-8.944836455072312e-5,-9.527009557486183e-5,3.781137305735038e-5,-0.00017292752003002484,0.0003213549675421749,0.00019061575252902604,0.00020076271801550534,-6.361936217918232e-5,3.174331325348917e-5,3.0880365887993286e-5,-4.0005968843344954e-5,-1.0338940832890905e-5,0.0003593270457979472,-4.086865572696415e-5,-9.089499648927653e-5,7.5995892331755385e-6,3.421285919638231e-5,6.074518739140588e-5,0.00019430363490659307,4.4493150154127605e-5,7.95079007803225e-5,8.360382038941956e-5,8.014131793438264e-5,5.716333919047098e-5,0.00020915826185569975,-5.8631348261405684e-5,0.0001583716422912911,-8.583783346016191e-5,0.00022473980261752315,0.00014322904013951382,3.2899329256801434e-5,0.018418994800733602,-0.00015142311608755293,-0.000183030810354992,-0.00027883174598244774,-6.011361714548462e-5,-0.00032796800909905223,-5.764955920746067e-5,-0.00010571935066253815,0.0002688017597621473,-3.0164246295980672e-5,-3.488966465519314e-5,0.00017412744138052346,-0.00012881175385130448,-3.867620278216546e-5,4.601104070294173e-5,6.939533666281989e-5,-8.164992372799514e-5,0.00014426328679557836,-0.00017483476305953067,-6.439050959009543e-5,-6.379067761013608e-5,0.00018390942584508668,-0.0001449699619492579,-0.0005401250782303899,3.116158490147507e-5
0.0,0.0,0.0,0.0,0.0,0.0,0.0,0.0,0.0,0.0,0.0,0.0,0.0,0.0,0.0,0.0,0.0,0.0,0.0,0.0,0.0,0.0,0.0,0.0,0.0,0.0,0.0,0.0,0.0,0.0,0.0,0.0,0.0,0.0,0.0,0.0,0.0,0.0,0.0,0.0,0.0,0.0,0.0,0.0,0.0,0.0,0.0,0.0,0.0,0.0,0.0,0.0,0.0,0.0,0.0,0.0,0.0,0.0,0.0,0.0,0.0,0.0,0.0006447047457014203,-0.0003340856059690966,-0.0002571260218650273,-0.0006113016412688355,0.0009860667301150791,0.0006974847476514472,-0.001149259592579443,-0.000883474763252765,-0.0005681419636048505,-0.0010166600172541926,8.602618745123576e-5,-0.0008760004980297122,-0.0008432537370408384,0.0011076692587662234,0.001860522370341894,0.00015159951973863728,0.002526171680193054,0.0005438222264191524,-0.0006131221882392137,-0.000362892200896264,-0.0001521091682829926,-0.0005044853186818099,-0.0001335051540933257,-0.0007179212291307933,0.002632898227985743,-0.00036479667845045334,5.199636908120725e-5,0.0013078261410375985,0.0003083270615919947,-0.0006008629577716679,-0.00040270771632757856,0.0002876117156670592,-3.227779792882317e-5,-0.00015142311608755293,0.018583101972399072,0.00018665711922254664,-0.002007446052849515,-0.000998165046560981,-0.00019203029719669517,0.0002144966180335558,0.00047856777848381154,0.00041724812758891746,-0.0005991192638244418,-0.0009675854327723114,-0.0015637616906563226,-0.0009543368206683934,-0.0001442694249363994,0.0009027388098254721,-0.0007733480245547021,-0.000904359581956307,0.0022469412278807222,0.00035166614484436376,-0.0006570830517862958,0.0002670040310568309,-0.0007086368156182741,0.0013766247312868558,-0.001836492850926574,0.00020905975897433324
0.0,0.0,0.0,0.0,0.0,0.0,0.0,0.0,0.0,0.0,0.0,0.0,0.0,0.0,0.0,0.0,0.0,0.0,0.0,0.0,0.0,0.0,0.0,0.0,0.0,0.0,0.0,0.0,0.0,0.0,0.0,0.0,0.0,0.0,0.0,0.0,0.0,0.0,0.0,0.0,0.0,0.0,0.0,0.0,0.0,0.0,0.0,0.0,0.0,0.0,0.0,0.0,0.0,0.0,0.0,0.0,0.0,0.0,0.0,0.0,0.0,0.0,0.0002362876559288546,4.0114301667394016e-5,0.00020516959955510963,0.0001316266446560517,-9.5428543111575e-6,-0.00016802388001892497,-0.0014254177433415153,-0.0005744302540919283,-0.0005271162678689241,0.0001033931814256747,7.415828937153401e-5,6.014475521522694e-5,0.00020367207080988086,-0.00012872706874869486,-0.0011152855830420753,-7.055636448079143e-5,0.00046372129641477445,-5.3500684200822036e-5,-0.00013313005012674522,-9.194160235863624e-5,-0.00019310170318896858,-0.000360004500872781,-0.00020256907335625623,-0.00019001651769694805,0.0006946967154280695,-1.216488099598279e-5,-0.00040159401423513387,-0.00032679436790198843,-0.0003006812180000913,0.00019341962539614054,-0.0006776469721124107,8.097863793244542e-6,-0.00011954053720342347,-0.000183030810354992,0.00018665711922254664,0.021743661281225457,0.0007765781616680021,0.00027158278999831387,-4.002998943207086e-5,0.00044663823376541205,-0.00015889654226112056,-0.0002397126138313594,-0.0001593157443211435,-5.356192587948865e-5,-0.00040582837318627003,0.00023675240202437656,-0.00013821218615055788,0.0002785441774233395,-0.00022480276244794435,2.3118532657757658e-5,-0.00018213104962515962,-0.0003826277658162673,0.0002501619234885099,0.00042021579878833814,-0.0004426486768908721,-8.26617960060238e-6,0.0013090944809775375,0.0002830969560980066
0.0,0.0,0.0,0.0,0.0,0.0,0.0,0.0,0.0,0.0,0.0,0.0,0.0,0.0,0.0,0.0,0.0,0.0,0.0,0.0,0.0,0.0,0.0,0.0,0.0,0.0,0.0,0.0,0.0,0.0,0.0,0.0,0.0,0.0,0.0,0.0,0.0,0.0,0.0,0.0,0.0,0.0,0.0,0.0,0.0,0.0,0.0,0.0,0.0,0.0,0.0,0.0,0.0,0.0,0.0,0.0,0.0,0.0,0.0,0.0,0.0,0.0,-0.0014246433651712825,0.000783124841243507,0.0010054419532466046,0.0013664143885334028,-0.002900109545724479,0.0007061850950259519,-0.0003388215745631786,0.0010458500679004655,0.0001140929807162307,0.0023618112236230768,-8.797108920261726e-5,0.0022409168368571226,0.002447469941725612,-0.00336059327812552,-0.007149552633830046,-0.0005395182397078286,-0.005742304454531582,-0.0014725184081101164,0.0009978743829423804,0.00047188447142612014,-5.8328896692879875e-5,0.0005837097307885481,-3.0277911967197876e-5,0.0011947147411647404,-0.005904459033158624,0.0006480904332589612,-0.0007174384702869208,-0.0009930068124989636,-0.0012946748393255177,0.001891834010006134,-0.0003480471561703158,-0.0009731029982957927,-5.6958763128109145e-5,-0.00027883174598244774,-0.002007446052849515,0.0007765781616680021,0.06791289937809517,0.003006323440503512,0.003556726914685901,-9.950310578537886e-5,-0.0020360967175874762,-0.0018966111186302075,0.0011766738837984392,0.0020611315235851313,0.002808858534578703,0.0024965785830983896,0.00016138605809679088,-0.00218738291913145,0.0012909171196052627,0.0018931374761211122,-0.0031112334950610856,-0.0019656266503227634,0.001669141451138494,-0.00026640028044307124,0.0007365200422304532,-0.0004582885037880818,0.006778471853341041,-0.00038969075744922985
0.0,0.0,0.0,0.0,0.0,0.0,0.0,0.0,0.0,0.0,0.0,0.0,0.0,0.0,0.0,0.0,0.0,0.0,0.0,0.0,0.0,0.0,0.0,0.0,0.0,0.0,0.0,0.0,0.0,0.0,0.0,0.0,0.0,0.0,0.0,0.0,0.0,0.0,0.0,0.0,0.0,0.0,0.0,0.0,0.0,0.0,0.0,0.0,0.0,0.0,0.0,0.0,0.0,0.0,0.0,0.0,0.0,0.0,0.0,0.0,0.0,0.0,-0.0012080180242584591,0.00039099867208696365,0.0002682206547120309,0.0007841527879057516,-0.0020913053426975785,0.00014963246603472627,-0.00017473988370584283,0.0006319585160427486,0.0003915351119461219,0.0012705245597416043,7.934121126357979e-5,0.001324910115834002,0.0011534848831444263,-0.0018301605030032527,-0.003489181608306275,-0.00012240165439927076,-0.003366374064550847,-0.0005849156881523116,0.0006335825194031478,0.0004800122709670187,0.0005286274722099089,0.0005113899773498714,-3.6200857498584725e-5,0.0007167857758725142,-0.0033500690632189186,0.00045070863761999583,-0.00016629315651202182,-0.000883575953208381,-0.0006974276552203326,0.000757717973676234,3.1794035280782304e-5,-0.0004249175901832994,-6.989484897392152e-5,-6.011361714548462e-5,-0.000998165046560981,0.00027158278999831387,0.003006323440503512,0.028946083946276513,0.001934547123081945,-3.3227310938013725e-5,-0.0018259500444184427,-0.0010100859580681211,0.0003463233639916131,0.0009672338467560517,0.0005900975340653467,0.001218913418920258,0.00024971116104267183,-0.001075362418071282,0.0011265252533806454,0.0009397426844255175,-0.0020786058875278137,-0.0009857364712699591,0.0007794292167323365,0.00022112440541206273,0.0006763045204297028,-0.0003042574387315784,0.0033356609668158963,0.00014413342443403648
0.0,0.0,0.0,0.0,0.0,0.0,0.0,0.0,0.0,0.0,0.0,0.0,0.0,0.0,0.0,0.0,0.0,0.0,0.0,0.0,0.0,0.0,0.0,0.0,0.0,0.0,0.0,0.0,0.0,0.0,0.0,0.0,0.0,0.0,0.0,0.0,0.0,0.0,0.0,0.0,0.0,0.0,0.0,0.0,0.0,0.0,0.0,0.0,0.0,0.0,0.0,0.0,0.0,0.0,0.0,0.0,0.0,0.0,0.0,0.0,0.0,0.0,-0.0015928851293907536,0.0007945879388715453,0.0007788309917079783,0.0009592139170396098,-0.002536757305629188,0.0017194545746987405,0.00013027021573977003,0.0008377917495423816,-7.93764252943194e-5,0.0013668589974513282,4.226683934785477e-5,0.0014674927110995795,0.001383405811450102,-0.0021466975614258164,-0.004478511071008131,-2.8320243542935564e-5,-0.004185799586046418,-0.0006381825558473045,0.0006600481114973183,0.00033261231253504145,0.00022668780423320742,0.0006875580555928664,9.43794890037988e-6,0.0008349824382528123,-0.004687894261465143,0.00047116951873328844,-0.00033477569889844546,0.0002562433426084409,-0.000848662984917814,0.0011019731846474033,0.00021265725213013797,-0.0008486414886142635,4.063688680813234e-6,-0.00032796800909905223,-0.00019203029719669517,-4.002998943207086e-5,0.003556726914685901,0.001934547123081945,0.033611749103831905,-0.00034392395957665397,-0.001995132288420277,-0.0016681329656707106,0.000703409469504095,0.001325756161678867,0.0009772679199099366,0.0014951189311094388,0.00038591791419756547,-0.0017102126307002815,0.0010875807120616298,0.0011195080782570748,-0.0019368960815856994,-0.0009794670883545625,0.0007851378469752208,-0.00022795264737982663,0.0006225022397235699,0.0008779688733254147,0.0043444322016224024,-0.0003825347918650135
0.0,0.0,0.0,0.0,0.0,0.0,0.0,0.0,0.0,0.0,0.0,0.0,0.0,0.0,0.0,0.0,0.0,0.0,0.0,0.0,0.0,0.0,0.0,0.0,0.0,0.0,0.0,0.0,0.0,0.0,0.0,0.0,0.0,0.0,0.0,0.0,0.0,0.0,0.0,0.0,0.0,0.0,0.0,0.0,0.0,0.0,0.0,0.0,0.0,0.0,0.0,0.0,0.0,0.0,0.0,0.0,0.0,0.0,0.0,0.0,0.0,0.0,8.754689021253675e-5,-6.229892183235845e-5,-6.370648530299618e-5,-4.3234223938082135e-5,1.2859775438073218e-5,-0.0002826431417966402,-0.0009267956637483232,-0.00030860387663714456,-0.0002803890295462697,-8.46099995839147e-5,0.00012427614090326097,-0.0001451359921786774,-1.536799568955464e-5,1.9391421592796716e-5,-0.00040371505091140483,-4.5924761816101064e-5,0.00030209959129303765,-3.68164819746656e-5,-0.00013139570839211897,-4.788477189649694e-5,-0.00018564114966698584,-0.00014877940667580182,-7.150210095814384e-5,-0.00019850940487779528,0.000830742591273319,-1.8450743823095434e-5,-0.0001473654267163849,-0.00011761234876291862,-5.1351946284495075e-5,0.00010067657597043153,-0.0002370115528986013,6.955813760972368e-5,-1.4558532692303002e-5,-5.764955920746067e-5,0.0002144966180335558,0.00044663823376541205,-9.950310578537886e-5,-3.3227310938013725e-5,-0.00034392395957665397,0.044518538632829424,4.842629492905988e-5,6.501381565621618e-5,-0.00016737815795570183,-0.00026961728870111736,-0.0007741989587955832,-5.710818582436361e-6,-1.0543835390695254e-5,0.00039064313664659024,-0.00017465093403929192,-0.00011942902215200068,0.00014011716580544266,-0.00016327079794386043,-2.0490872026491295e-5,0.00036830751955914447,-0.000281094535706925,4.6955894816799915e-5,0.0004251682857793947,0.00020255640679880062
0.0,0.0,0.0,0.0,0.0,0.0,0.0,0.0,0.0,0.0,0.0,0.0,0.0,0.0,0.0,0.0,0.0,0.0,0.0,0.0,0.0,0.0,0.0,0.0,0.0,0.0,0.0,0.0,0.0,0.0,0.0,0.0,0.0,0.0,0.0,0.0,0.0,0.0,0.0,0.0,0.0,0.0,0.0,0.0,0.0,0.0,0.0,0.0,0.0,0.0,0.0,0.0,0.0,0.0,0.0,0.0,0.0,0.0,0.0,0.0,0.0,0.0,0.0013595462718598824,-0.0008010987900131617,-0.0009190551983129962,-0.0008322062974223428,0.0028688518414336415,-0.0005175275634543384,0.0006941537627740902,-0.0010886719696696413,7.693333346536793e-5,-0.0010660848407856235,-0.0005342499377787739,-0.00247298741901191,-0.0014225799038444613,0.0027647585318171203,0.004874191892217644,0.00018948672065443226,0.004438169458428044,0.00035827229244319886,-0.000728003842453514,-0.0007868480755870186,-0.0018732727969945524,-0.00030113884893007733,0.00011781732059579159,-0.001251009755213157,0.0031710293670394398,-0.0011426311047569434,-0.0004367015523492675,0.0012918763596369638,0.0006442873870636253,-0.0005378323729565137,-0.0003051508423212864,-0.0001891388183050183,0.0002979242666923919,-0.00010571935066253815,0.00047856777848381154,-0.00015889654226112056,-0.0020360967175874762,-0.0018259500444184427,-0.001995132288420277,4.842629492905988e-5,0.059882114277811135,0.0011704188111670414,5.558194060719393e-5,-0.001163887087784694,0.0003612071306668458,-0.0009081274308587897,6.496648258235215e-5,0.0009658875999872553,-0.001377442579957877,-0.0002007357589524204,0.0032011359317535206,0.0038278338839913585,-0.0006304829336426929,-0.0002839721185011812,-0.0011772056646290033,5.3635609856493834e-5,-0.0034369410032411758,-0.00015093584946729096
0.0,0.0,0.0,0.0,0.0,0.0,0.0,0.0,0.0,0.0,0.0,0.0,0.0,0.0,0.0,0.0,0.0,0.0,0.0,0.0,0.0,0.0,0.0,0.0,0.0,0.0,0.0,0.0,0.0,0.0,0.0,0.0,0.0,0.0,0.0,0.0,0.0,0.0,0.0,0.0,0.0,0.0,0.0,0.0,0.0,0.0,0.0,0.0,0.0,0.0,0.0,0.0,0.0,0.0,0.0,0.0,0.0,0.0,0.0,0.0,0.0,0.0,0.000703215702990065,-0.0005254515262713952,-0.0006367997374216724,-0.0007259507141673421,0.0011373439966285196,-0.0006098076741440948,3.240693509252638e-5,-0.00033316708226479544,0.00023419685576726637,-0.0007267266503719685,3.7578608931956777e-6,-0.0008272296492800886,-0.0006633652245317106,0.0009840073135940935,0.002351113736265766,-6.790213605618619e-5,0.001770399883477744,0.00022167696825793718,-0.00032753365272041436,-0.00017448027699373806,-0.0003206289862190916,-0.00021452434885817456,0.00013460745588668102,-0.0004411966819444175,0.0022340911210815503,-0.00024002582419619558,0.0004272461021088439,0.0004613074365792712,0.0005754360237599911,-0.0004710199141416519,0.00021286383671550532,0.0004119873413880998,0.00014500109216712258,0.0002688017597621473,0.00041724812758891746,-0.0002397126138313594,-0.0018966111186302075,-0.0010100859580681211,-0.0016681329656707106,6.501381565621618e-5,0.0011704188111670414,0.04303297615446029,-0.0002997461479102712,-0.0008001222379920758,-0.00042951454871766666,-0.0008057759764940624,-0.00018382225354123704,0.0007901431221116503,-0.0006289538742079349,-0.0006539330736936088,0.0018240550977921004,0.00035017465623830336,-0.0005303639573544122,-4.668179203189681e-5,-0.00029081174885515706,1.9408333945263113e-5,-0.002268302333979954,5.126990245829549e-5
0.0,0.0,0.0,0.0,0.0,0.0,0.0,0.0,0.0,0.0,0.0,0.0,0.0,0.0,0.0,0.0,0.0,0.0,0.0,0.0,0.0,0.0,0.0,0.0,0.0,0.0,0.0,0.0,0.0,0.0,0.0,0.0,0.0,0.0,0.0,0.0,0.0,0.0,0.0,0.0,0.0,0.0,0.0,0.0,0.0,0.0,0.0,0.0,0.0,0.0,0.0,0.0,0.0,0.0,0.0,0.0,0.0,0.0,0.0,0.0,0.0,0.0,-0.0006132720403621615,9.734162097771681e-5,6.124592426991488e-5,0.00028482017228540017,-0.0008046445550253015,0.00014699414329246533,0.000508181831278385,0.0005708941109426154,0.00014516386461805618,0.0005513294304216522,-1.3289863990393286e-6,0.0003781894024884719,0.0005383053402370366,-0.0007030061010316773,-0.0013895725655778686,-0.0001501052488941603,-0.0017362379469354195,-0.00045600872961869493,0.0003151639050843246,0.00013489829732657365,-0.00033146347833244835,0.00040216859336490653,0.00015383774837867802,0.0002517446126978244,-0.001597355409680205,0.0001221109021285849,-3.6076348459362024e-5,1.9198938030246937e-5,-0.00014747346033797346,0.0005653189951629516,0.0003577507882643865,-0.0003252024691489055,0.0001619930075022696,-3.0164246295980672e-5,-0.0005991192638244418,-0.0001593157443211435,0.0011766738837984392,0.0003463233639916131,0.000703409469504095,-0.00016737815795570183,5.558194060719393e-5,-0.0002997461479102712,0.023388542804743524,0.00044638218674756907,0.0006290603047399241,0.0005684206930741836,0.00025937551140934624,-0.0005230944058758377,0.0003268533774144182,0.000448279791396979,-0.0006648189660276505,-5.025533902927203e-5,0.0002876497022204868,-0.00019864642783159943,0.0002445735769720873,-0.00010222374363045245,0.0009844017728512504,-0.00036439947705283794
0.0,0.0,0.0,0.0,0.0,0.0,0.0,0.0,0.0,0.0,0.0,0.0,0.0,0.0,0.0,0.0,0.0,0.0,0.0,0.0,0.0,0.0,0.0,0.0,0.0,0.0,0.0,0.0,0.0,0.0,0.0,0.0,0.0,0.0,0.0,0.0,0.0,0.0,0.0,0.0,0.0,0.0,0.0,0.0,0.0,0.0,0.0,0.0,0.0,0.0,0.0,0.0,0.0,0.0,0.0,0.0,0.0,0.0,0.0,0.0,0.0,0.0,-0.0005005323511230678,0.0005113477783425202,0.0006674642115162787,0.0006200437287415726,-0.0008113907329175445,0.0003265109332481402,0.0006676035688282721,0.0004981097016047749,0.00012167421151800142,0.000799885982460675,-9.960453258421451e-5,0.0009572445476575854,0.0007490549787121942,-0.0009161795295170612,-0.0018623625780921206,6.327861093041293e-5,-0.0017199495391665648,-0.00014608525706265917,0.00045628230228777355,0.0002276071836098338,0.0004388028955134665,0.0002010572841594455,-3.3033811535151336e-5,0.000682297878901353,-0.00245665528963042,0.00036106902437750197,-7.370144195549826e-5,-0.0006892873900673492,-0.00045509701441960365,0.00036169212125443124,-6.575554558396412e-5,-0.00027473984312313747,-5.9786772847557876e-5,-3.488966465519314e-5,-0.0009675854327723114,-5.356192587948865e-5,0.0020611315235851313,0.0009672338467560517,0.001325756161678867,-0.00026961728870111736,-0.001163887087784694,-0.0008001222379920758,0.00044638218674756907,0.017169503909087905,0.0015559751351699057,0.0008108836862254651,1.2432715921658142e-5,-0.0009762698078868175,0.0006501395977096895,0.0007096863330691372,-0.0018781298478698324,-0.0005989113368458499,0.000619475493235685,-0.00033223584013429927,0.0005558035539989136,-0.0004080737063490044,0.002037771003609492,-0.0001998206594328319
0.0,0.0,0.0,0.0,0.0,0.0,0.0,0.0,0.0,0.0,0.0,0.0,0.0,0.0,0.0,0.0,0.0,0.0,0.0,0.0,0.0,0.0,0.0,0.0,0.0,0.0,0.0,0.0,0.0,0.0,0.0,0.0,0.0,0.0,0.0,0.0,0.0,0.0,0.0,0.0,0.0,0.0,0.0,0.0,0.0,0.0,0.0,0.0,0.0,0.0,0.0,0.0,0.0,0.0,0.0,0.0,0.0,0.0,0.0,0.0,0.0,0.0,0.0016990338947895892,0.0008903682170216222,0.0014085104427631462,0.0005318005649433876,0.00241958307290461,0.001196061522575949,0.0028343763213453583,5.8782180229582154e-5,0.0006097292781865649,0.0005576396334445792,-0.0006645562229528997,0.0003689104339637131,-0.00019396022108772502,0.00042471537935535555,0.0009536938947870887,0.000443339900410499,0.0006690801658300865,0.00040954664985651,0.00011585671087837884,-0.00023428350035543876,0.0009176875522114023,-0.00035239880735882874,-9.381000118921969e-5,0.0009611528990876504,-0.001731259013962338,-5.097585878105958e-5,0.0006014560621323587,-0.001110819696129004,-0.00028692602557035064,-0.0002638918864854765,-0.0009224159421910816,-0.0002660821769378658,-0.00031877994217204605,0.00017412744138052346,-0.0015637616906563226,-0.00040582837318627003,0.002808858534578703,0.0005900975340653467,0.0009772679199099366,-0.0007741989587955832,0.0003612071306668458,-0.00042951454871766666,0.0006290603047399241,0.0015559751351699057,0.07665048998715097,0.00017622837901459812,-0.0007292925796940808,-0.0015011657041019983,0.00018187709261164792,0.0008760406364573971,-0.00024425478415689925,0.000102742547872373,0.001268836861148521,-0.0014757369052105593,0.00044125505095301903,-0.0008082751200403132,-0.0001679293012062263,-0.0003823571115833328
0.0,0.0,0.0,0.0,0.0,0.0,0.0,0.0,0.0,0.0,0.0,0.0,0.0,0.0,0.0,0.0,0.0,0.0,0.0,0.0,0.0,0.0,0.0,0.0,0.0,0.0,0.0,0.0,0.0,0.0,0.0,0.0,0.0,0.0,0.0,0.0,0.0,0.0,0.0,0.0,0.0,0.0,0.0,0.0,0.0,0.0,0.0,0.0,0.0,0.0,0.0,0.0,0.0,0.0,0.0,0.0,0.0,0.0,0.0,0.0,0.0,0.0,-0.0010724693565337064,0.00034540828836353315,0.00023564876996319417,0.0006513423566628704,-0.0018891682608562158,0.0001429759733374992,-0.00023585994573395834,0.0005597547330701144,4.070719533119363e-6,0.0011138952887269045,5.313921355065083e-5,0.0010058166184787555,0.0012254131182938331,-0.0015830643018226159,-0.0033341816766569504,-0.0002587451802667611,-0.0030271751280666146,-0.0007329255905755475,0.000592590343181546,0.000342425036618319,-0.0003119591735387683,0.0005565629510313639,7.380080242827752e-5,0.00047353466688505007,-0.0028952838288654435,0.0003833208321089167,-0.0002912582084072619,-0.00036187595800899294,-0.0005243227335255379,0.0009718831074446573,0.0002330935663945093,-0.00046725136254176366,9.737703677010966e-5,-0.00012881175385130448,-0.0009543368206683934,0.00023675240202437656,0.0024965785830983896,0.001218913418920258,0.0014951189311094388,-5.710818582436361e-6,-0.0009081274308587897,-0.0008057759764940624,0.0005684206930741836,0.0008108836862254651,0.00017622837901459812,0.014692202350494909,0.0003083711621605688,-0.0008688338168738774,0.000683322795571583,0.0008536500637284345,-0.0017443495142938509,-0.0007204778361601787,0.0007206705305912086,6.240186601892084e-5,0.0003692729067305406,-0.00017408541839981307,0.0033039060762667777,-0.0001367250391922764
0.0,0.0,0.0,0.0,0.0,0.0,0.0,0.0,0.0,0.0,0.0,0.0,0.0,0.0,0.0,0.0,0.0,0.0,0.0,0.0,0.0,0.0,0.0,0.0,0.0,0.0,0.0,0.0,0.0,0.0,0.0,0.0,0.0,0.0,0.0,0.0,0.0,0.0,0.0,0.0,0.0,0.0,0.0,0.0,0.0,0.0,0.0,0.0,0.0,0.0,0.0,0.0,0.0,0.0,0.0,0.0,0.0,0.0,0.0,0.0,0.0,0.0,-0.0007886007992516223,-4.1271669207865316e-5,-0.00024973064598130624,0.00014860227488660356,-0.0009953883152414751,-7.520507450580231e-5,4.5498203890811295e-5,0.00047670964868014624,6.226584476513592e-5,0.0002476832565931176,9.048577218266865e-5,9.635493828288316e-5,0.0003388144491574555,-0.00045780188160109045,-0.000824453218434504,-5.422358492468589e-5,-0.0012708350665235546,-0.0002719681484549259,0.0002082786101974517,0.00014072512531991844,-0.0002601154143478687,0.0004560762291454258,0.00017504771977912048,3.955152715732135e-5,-0.0008601507403202543,0.00010318302172342536,3.959012335881909e-5,0.00011540851683684013,2.7960023299416517e-5,0.000433784465991326,0.00042755440356269305,-0.00019716836464123854,0.0002368733397676079,-3.867620278216546e-5,-0.0001442694249363994,-0.00013821218615055788,0.00016138605809679088,0.00024971116104267183,0.00038591791419756547,-1.0543835390695254e-5,6.496648258235215e-5,-0.00018382225354123704,0.00025937551140934624,1.2432715921658142e-5,-0.0007292925796940808,0.0003083711621605688,0.033993713436134124,-0.00010301908696316572,0.00029725963841546526,0.00017818001769080298,-0.00047269761195390075,0.00029902577244447364,5.844438787350832e-6,0.00015045545578801393,0.00015063708703904615,9.910547160215908e-5,0.00046645716459346075,-0.00013878847203689721
0.0,0.0,0.0,0.0,0.0,0.0,0.0,0.0,0.0,0.0,0.0,0.0,0.0,0.0,0.0,0.0,0.0,0.0,0.0,0.0,0.0,0.0,0.0,0.0,0.0,0.0,0.0,0.0,0.0,0.0,0.0,0.0,0.0,0.0,0.0,0.0,0.0,0.0,0.0,0.0,0.0,0.0,0.0,0.0,0.0,0.0,0.0,0.0,0.0,0.0,0.0,0.0,0.0,0.0,0.0,0.0,0.0,0.0,0.0,0.0,0.0,0.0,0.000723456183372307,-0.0004446258021786425,-0.0004552902202740103,-0.0005696099590531832,0.0011697203569285175,-0.0006141103548058312,-0.0008623883216296431,-0.0006579995514211477,-0.00031239355099578914,-0.0008927705608259356,0.00011619327557660298,-0.000960770226019456,-0.0008235636958567583,0.0011480016159519585,0.0020362957102014853,3.6544560825028e-5,0.002356307564860683,0.00035718820401784367,-0.0004938588587577597,-0.0002506982394852166,-0.0002635669134234104,-0.0004259233115017871,-6.279619897579603e-5,-0.0006591880176792118,0.0030416912228751654,-0.00029811710446413616,0.00010537446472100812,0.00027793633245172186,0.00040530101269053374,-0.0005168525288001601,-0.00026912874135190173,0.00043166856646276115,1.958385167664386e-5,4.601104070294173e-5,0.0009027388098254721,0.0002785441774233395,-0.00218738291913145,-0.001075362418071282,-0.0017102126307002815,0.00039064313664659024,0.0009658875999872553,0.0007901431221116503,-0.0005230944058758377,-0.0009762698078868175,-0.0015011657041019983,-0.0008688338168738774,-0.00010301908696316572,0.019709948896057584,-0.000659905811075178,-0.0007559279263592227,0.0014875946027809695,0.00046576055998764676,-0.0005357154959678633,0.00044935316238048785,-0.0005528418166393188,0.00017152314060904077,-0.0021443918536067533,0.0003097745724954321
0.0,0.0,0.0,0.0,0.0,0.0,0.0,0.0,0.0,0.0,0.0,0.0,0.0,0.0,0.0,0.0,0.0,0.0,0.0,0.0,0.0,0.0,0.0,0.0,0.0,0.0,0.0,0.0,0.0,0.0,0.0,0.0,0.0,0.0,0.0,0.0,0.0,0.0,0.0,0.0,0.0,0.0,0.0,0.0,0.0,0.0,0.0,0.0,0.0,0.0,0.0,0.0,0.0,0.0,0.0,0.0,0.0,0.0,0.0,0.0,0.0,0.0,-0.0009717474997834879,0.000305209043328086,0.0001873323876810016,0.0005588270959969732,-0.0014560655339298095,0.00013578475833680363,0.0006751555460495163,0.0009273666194695333,0.0003327792648499256,0.000763204221400028,0.00014906706699063205,0.0009387630208156459,0.0006493140694466664,-0.0012654653329772715,-0.002003847454538049,-0.00011518339324968428,-0.0028246683189047505,-0.0004657629789441614,0.0005316035238604549,0.00042412297649725266,0.0005077955206871038,0.0005762933661950868,7.305660042665458e-5,0.000615853604425142,-0.002427691125806257,0.00038843325161127764,0.00014659861419729446,-0.0005162677618475482,-0.0003059963247685112,0.0004548653106855392,0.0004916622318225799,-0.00022566503109449693,1.3925589582386094e-6,6.939533666281989e-5,-0.0007733480245547021,-0.00022480276244794435,0.0012909171196052627,0.0011265252533806454,0.0010875807120616298,-0.00017465093403929192,-0.001377442579957877,-0.0006289538742079349,0.0003268533774144182,0.0006501395977096895,0.00018187709261164792,0.000683322795571583,0.00029725963841546526,-0.000659905811075178,0.027684732858091733,0.0005641232090313149,-0.0015633898213927744,-0.0007583341572737521,0.00036764874316237245,8.09474805322493e-5,0.0007796673565310637,-0.00026037072091580215,0.0013368622881656058,-3.653843620376765e-5
0.0,0.0,0.0,0.0,0.0,0.0,0.0,0.0,0.0,0.0,0.0,0.0,0.0,0.0,0.0,0.0,0.0,0.0,0.0,0.0,0.0,0.0,0.0,0.0,0.0,0.0,0.0,0.0,0.0,0.0,0.0,0.0,0.0,0.0,0.0,0.0,0.0,0.0,0.0,0.0,0.0,0.0,0.0,0.0,0.0,0.0,0.0,0.0,0.0,0.0,0.0,0.0,0.0,0.0,0.0,0.0,0.0,0.0,0.0,0.0,0.0,0.0,-0.0005722463868395099,0.00033439350949839155,0.00028002369811452296,0.000511710267146294,-0.0008678720456153724,0.00016791707817937008,0.00044683622298318865,0.00043392915449055316,0.0001712131431161978,0.0007693241789261853,-8.780252803873922e-5,0.0005095124025228599,0.0006232992403498884,-0.0008584002422696678,-0.001781589890145526,-5.5429084363865626e-5,-0.0018580918174174194,-0.000429606272100953,0.00037599424876760444,0.00015896703284915648,-9.37182286395493e-5,0.0003644247626443414,1.618358407201147e-5,0.00038437766619822423,-0.0022212649377056307,0.00013587384699156695,-0.00032328084634959935,-0.0003494746689261763,-0.00038438485256182136,0.000544480086606625,5.114481351425066e-5,-0.0004164639460259427,2.4381062779614245e-6,-8.164992372799514e-5,-0.000904359581956307,2.3118532657757658e-5,0.0018931374761211122,0.0009397426844255175,0.0011195080782570748,-0.00011942902215200068,-0.0002007357589524204,-0.0006539330736936088,0.000448279791396979,0.0007096863330691372,0.0008760406364573971,0.0008536500637284345,0.00017818001769080298,-0.0007559279263592227,0.0005641232090313149,0.01695512307413561,-0.0011877855172950146,1.4653732405970084e-5,0.0005612314161280859,-8.933324286190052e-5,0.0003779040464249823,-0.0003009865429486573,0.0018222505604562223,-0.0001188871246381443
0.0,0.0,0.0,0.0,0.0,0.0,0.0,0.0,0.0,0.0,0.0,0.0,0.0,0.0,0.0,0.0,0.0,0.0,0.0,0.0,0.0,0.0,0.0,0.0,0.0,0.0,0.0,0.0,0.0,0.0,0.0,0.0,0.0,0.0,0.0,0.0,0.0,0.0,0.0,0.0,0.0,0.0,0.0,0.0,0.0,0.0,0.0,0.0,0.0,0.0,0.0,0.0,0.0,0.0,0.0,0.0,0.0,0.0,0.0,0.0,0.0,0.0,0.0019505034806989786,-0.0010164966209181957,-0.0010298723513433553,-0.0014750813881425169,0.003116036631406661,0.0003220308975488376,-0.0003302897486500355,-0.00122445204323956,3.0618078819815235e-5,-0.0016881435653447934,-0.00014112695749817777,-0.0021949212537974274,-0.0017863442793963605,0.0023546304200588617,0.004860799485611655,-6.976560776878572e-5,0.004470784993515285,0.00039529054512135026,-0.0010599903671306226,-0.0007564194367873099,-0.0009681483412110824,-0.0007724027416739554,2.7649017583694926e-5,-0.0013210169498761466,0.004671015404141875,-0.0010377505926985372,0.00015672368582559515,0.002257001184461327,0.0009387444407216657,-0.0010350603760856385,-0.0002586785586687436,0.0004702091254121079,3.4300179551179514e-5,0.00014426328679557836,0.0022469412278807222,-0.00018213104962515962,-0.0031112334950610856,-0.0020786058875278137,-0.0019368960815856994,0.00014011716580544266,0.0032011359317535206,0.0018240550977921004,-0.0006648189660276505,-0.0018781298478698324,-0.00024425478415689925,-0.0017443495142938509,-0.00047269761195390075,0.0014875946027809695,-0.0015633898213927744,-0.0011877855172950146,0.052335274199312665,0.0013749870578936552,-0.0010248739568630698,-9.515480738441761e-5,-0.0010722684887834242,0.0013486672754491865,-0.004916434642599597,0.00019178334842286676
0.0,0.0,0.0,0.0,0.0,0.0,0.0,0.0,0.0,0.0,0.0,0.0,0.0,0.0,0.0,0.0,0.0,0.0,0.0,0.0,0.0,0.0,0.0,0.0,0.0,0.0,0.0,0.0,0.0,0.0,0.0,0.0,0.0,0.0,0.0,0.0,0.0,0.0,0.0,0.0,0.0,0.0,0.0,0.0,0.0,0.0,0.0,0.0,0.0,0.0,0.0,0.0,0.0,0.0,0.0,0.0,0.0,0.0,0.0,0.0,0.0,0.0,0.000711565244138686,-0.0003820915117013719,-0.0005746121458392616,-0.00036490259979210483,0.0019432600356922667,-0.00023711537437569013,0.0010513948286759477,-0.0008423984060284404,0.00015010006809896255,-0.0008762613587542159,-0.000586989408445327,-0.001878078982696751,-0.0011991184602207054,0.002524186422433101,0.0046855784243119755,0.0005780849165630807,0.004052136982285383,0.0008274734852351727,-0.0004657066448604384,-0.0005420756070176456,-0.0008731441547774405,-9.433638144114505e-5,2.8889285762809714e-5,-0.0008467606198113066,0.0017252830258602633,-0.0008512162583502336,-0.00044824430848479385,0.0007326800204157463,0.00045494450874954844,-0.0007487243383804718,-0.00031764534355723016,-0.00021383951509273134,0.00018890285551366207,-0.00017483476305953067,0.00035166614484436376,-0.0003826277658162673,-0.0019656266503227634,-0.0009857364712699591,-0.0009794670883545625,-0.00016327079794386043,0.0038278338839913585,0.00035017465623830336,-5.025533902927203e-5,-0.0005989113368458499,0.000102742547872373,-0.0007204778361601787,0.00029902577244447364,0.00046576055998764676,-0.0007583341572737521,1.4653732405970084e-5,0.0013749870578936552,0.10332519707223442,-0.0005082175663173419,-0.0002309902574877898,-0.0006841697795568376,-2.7586763414299803e-5,-0.0026802407846566443,5.845991430077043e-5
0.0,0.0,0.0,0.0,0.0,0.0,0.0,0.0,0.0,0.0,0.0,0.0,0.0,0.0,0.0,0.0,0.0,0.0,0.0,0.0,0.0,0.0,0.0,0.0,0.0,0.0,0.0,0.0,0.0,0.0,0.0,0.0,0.0,0.0,0.0,0.0,0.0,0.0,0.0,0.0,0.0,0.0,0.0,0.0,0.0,0.0,0.0,0.0,0.0,0.0,0.0,0.0,0.0,0.0,0.0,0.0,0.0,0.0,0.0,0.0,0.0,0.0,-0.00027890669850314437,0.00027010780312286444,0.00031403668059942037,0.00035509742260297894,-0.0007449260247392899,8.14936070953286e-5,-7.939430436964763e-5,0.00025235056551404074,4.137236940358228e-5,0.0006323867844985025,-7.112985359649133e-5,0.000622367140759251,0.0006766966190189066,-0.0008656744923830244,-0.0017625376251598783,-0.00013839536260857468,-0.0013905109352208356,-0.00034329132111238903,0.00028523858413246304,0.0001320537976287884,7.601069763988144e-5,0.0001551033977570857,1.0596461723564029e-5,0.0003180319823235744,-0.0015862975878894122,0.00019528380308009887,-0.00028226543457016357,-0.0003958444225633693,-0.0002869922759524525,0.0004569741681745594,-0.00015138824819391333,-0.00016747965792044013,-6.905044973454264e-5,-6.439050959009543e-5,-0.0006570830517862958,0.0002501619234885099,0.001669141451138494,0.0007794292167323365,0.0007851378469752208,-2.0490872026491295e-5,-0.0006304829336426929,-0.0005303639573544122,0.0002876497022204868,0.000619475493235685,0.001268836861148521,0.0007206705305912086,5.844438787350832e-6,-0.0005357154959678633,0.00036764874316237245,0.0005612314161280859,-0.0010248739568630698,-0.0005082175663173419,0.02263872093081513,2.3690233134300275e-6,0.0003080972652413608,-0.00023708589851453274,0.0013860894488397846,1.970414272201096e-5
0.0,0.0,0.0,0.0,0.0,0.0,0.0,0.0,0.0,0.0,0.0,0.0,0.0,0.0,0.0,0.0,0.0,0.0,0.0,0.0,0.0,0.0,0.0,0.0,0.0,0.0,0.0,0.0,0.0,0.0,0.0,0.0,0.0,0.0,0.0,0.0,0.0,0.0,0.0,0.0,0.0,0.0,0.0,0.0,0.0,0.0,0.0,0.0,0.0,0.0,0.0,0.0,0.0,0.0,0.0,0.0,0.0,0.0,0.0,0.0,0.0,0.0,-0.0002838760635979627,-8.828549240801726e-5,-0.00021296314404787922,6.833908048122476e-6,-0.0004945129657471778,-0.000365870672226907,-0.0010264695808212836,-0.0001141137863307241,-0.00021958590208461963,-1.4099700570467327e-5,0.00021254227154067945,-3.754904078105886e-5,5.117161829267818e-5,-0.0002610125585368169,-0.0007622230684407661,-9.714010141969132e-5,-0.0003497970922965274,-0.00016348334041691668,-4.824167735638321e-5,6.264609708990106e-5,-8.382453423778661e-5,4.42002482154037e-5,-4.6148739812782886e-5,-0.00018918542649282703,0.0005352503938413684,3.618231638960341e-5,-0.0001585355100791839,-0.0001279380899246792,-5.845104656433807e-5,0.00017429924045125073,-7.592597752237816e-5,6.734147630183316e-5,-8.038227237413619e-6,-6.379067761013608e-5,0.0002670040310568309,0.00042021579878833814,-0.00026640028044307124,0.00022112440541206273,-0.00022795264737982663,0.00036830751955914447,-0.0002839721185011812,-4.668179203189681e-5,-0.00019864642783159943,-0.00033223584013429927,-0.0014757369052105593,6.240186601892084e-5,0.00015045545578801393,0.00044935316238048785,8.09474805322493e-5,-8.933324286190052e-5,-9.515480738441761e-5,-0.0002309902574877898,2.3690233134300275e-6,0.02142930090791135,-0.00010028718843444849,0.00011359980053576097,0.00032316304877869713,0.00029940385950928856
0.0,0.0,0.0,0.0,0.0,0.0,0.0,0.0,0.0,0.0,0.0,0.0,0.0,0.0,0.0,0.0,0.0,0.0,0.0,0.0,0.0,0.0,0.0,0.0,0.0,0.0,0.0,0.0,0.0,0.0,0.0,0.0,0.0,0.0,0.0,0.0,0.0,0.0,0.0,0.0,0.0,0.0,0.0,0.0,0.0,0.0,0.0,0.0,0.0,0.0,0.0,0.0,0.0,0.0,0.0,0.0,0.0,0.0,0.0,0.0,0.0,0.0,-0.0006533799543310248,0.00018693519886408844,7.125609559129781e-5,0.00021279066021762927,-0.0010468592661317293,-1.6337908498671217e-5,0.0009384516753960567,0.0009626016416744854,0.0004980211226466483,0.000461550603469598,3.204081943575491e-5,0.0007336617069844016,0.0004716601584256999,-0.0010037516733337282,-0.001084045622970939,-0.00013201514946675354,-0.0021908677753908496,-0.0003256359701437215,0.0004014847272643611,0.0003159895159152246,0.0006462279105841833,0.000462409548579367,0.00016856954671196672,0.0005636560546840636,-0.0019157422521300037,0.0003338067515767987,0.00016873101004617083,-0.00032144002129429465,-7.554096133704063e-6,0.0002465378784825535,0.0005431858746321743,-7.346569883523584e-6,-1.8736296379338839e-6,0.00018390942584508668,-0.0007086368156182741,-0.0004426486768908721,0.0007365200422304532,0.0006763045204297028,0.0006225022397235699,-0.000281094535706925,-0.0011772056646290033,-0.00029081174885515706,0.0002445735769720873,0.0005558035539989136,0.00044125505095301903,0.0003692729067305406,0.00015063708703904615,-0.0005528418166393188,0.0007796673565310637,0.0003779040464249823,-0.0010722684887834242,-0.0006841697795568376,0.0003080972652413608,-0.00010028718843444849,0.024505471403115566,-0.0002674636271443293,0.0001141603136181988,-6.194106397707942e-5
0.0,0.0,0.0,0.0,0.0,0.0,0.0,0.0,0.0,0.0,0.0,0.0,0.0,0.0,0.0,0.0,0.0,0.0,0.0,0.0,0.0,0.0,0.0,0.0,0.0,0.0,0.0,0.0,0.0,0.0,0.0,0.0,0.0,0.0,0.0,0.0,0.0,0.0,0.0,0.0,0.0,0.0,0.0,0.0,0.0,0.0,0.0,0.0,0.0,0.0,0.0,0.0,0.0,0.0,0.0,0.0,0.0,0.0,0.0,0.0,0.0,0.0,-0.00016680739291033208,-0.0001218544646262919,-0.00018998973409470543,-0.00031053439684566744,-0.00017094502370079907,0.0008498327864848372,-0.0007504253796486158,-0.00021752728802032338,-0.00030733529572261165,-0.00030653520953732047,0.00010440209427457225,-0.00027380122814817635,-0.00010717294068868798,1.0154401718258518e-5,-0.0001467295071526689,-2.802797060443883e-5,6.431287091331203e-5,-2.8852968341224003e-5,-0.0002072434776756655,-0.00014606441413818428,-0.0003431828179401133,2.086232270899648e-5,3.5540934976294393e-5,-0.00030706226842044064,0.00037998501779574784,-0.00012009500437213726,-1.7307233967949736e-5,0.0012468614766460845,9.27809178951732e-5,9.378886673665078e-5,6.420756811857804e-5,-6.579673639269181e-5,7.746715227730688e-5,-0.0001449699619492579,0.0013766247312868558,-8.26617960060238e-6,-0.0004582885037880818,-0.0003042574387315784,0.0008779688733254147,4.6955894816799915e-5,5.3635609856493834e-5,1.9408333945263113e-5,-0.00010222374363045245,-0.0004080737063490044,-0.0008082751200403132,-0.00017408541839981307,9.910547160215908e-5,0.00017152314060904077,-0.00026037072091580215,-0.0003009865429486573,0.0013486672754491865,-2.7586763414299803e-5,-0.00023708589851453274,0.00011359980053576097,-0.0002674636271443293,0.021367453686504556,-4.737067004414802e-5,-3.4464855112499236e-5
0.0,0.0,0.0,0.0,0.0,0.0,0.0,0.0,0.0,0.0,0.0,0.0,0.0,0.0,0.0,0.0,0.0,0.0,0.0,0.0,0.0,0.0,0.0,0.0,0.0,0.0,0.0,0.0,0.0,0.0,0.0,0.0,0.0,0.0,0.0,0.0,0.0,0.0,0.0,0.0,0.0,0.0,0.0,0.0,0.0,0.0,0.0,0.0,0.0,0.0,0.0,0.0,0.0,0.0,0.0,0.0,0.0,0.0,0.0,0.0,0.0,0.0,-0.0026034692084817195,0.00111682056022928,0.0010919878742585722,0.0018447758577114703,-0.00421507747718099,0.0006281005831565573,-0.002436279926336215,0.00020431175684476502,-0.0006629050220527965,0.0027881860634380736,0.00039759093404926027,0.002862450781004175,0.0030815124028966134,-0.003760093325506485,-0.009490391601543703,-0.000271214845595208,-0.006632992024681027,-0.0013418698583514135,0.001317542259075159,0.0008572051412692332,-0.0006911984502795478,0.0008656385049248164,-0.00028925563448940793,0.0012785577486815031,-0.006343600846889902,0.0012418460504295713,-0.00047825735928065156,-0.001464347481918429,-0.0019584225845944393,0.0023551044026929565,-0.00013272518484162685,-0.001234352262692664,5.0634927431846507e-5,-0.0005401250782303899,-0.001836492850926574,0.0013090944809775375,0.006778471853341041,0.0033356609668158963,0.0043444322016224024,0.0004251682857793947,-0.0034369410032411758,-0.002268302333979954,0.0009844017728512504,0.002037771003609492,-0.0001679293012062263,0.0033039060762667777,0.00046645716459346075,-0.0021443918536067533,0.0013368622881656058,0.0018222505604562223,-0.004916434642599597,-0.0026802407846566443,0.0013860894488397846,0.00032316304877869713,0.0001141603136181988,-4.737067004414802e-5,0.09798871088756006,-0.0001997512146510722
0.0,0.0,0.0,0.0,0.0,0.0,0.0,0.0,0.0,0.0,0.0,0.0,0.0,0.0,0.0,0.0,0.0,0.0,0.0,0.0,0.0,0.0,0.0,0.0,0.0,0.0,0.0,0.0,0.0,0.0,0.0,0.0,0.0,0.0,0.0,0.0,0.0,0.0,0.0,0.0,0.0,0.0,0.0,0.0,0.0,0.0,0.0,0.0,0.0,0.0,0.0,0.0,0.0,0.0,0.0,0.0,0.0,0.0,0.0,0.0,0.0,0.0,0.00038233325231183223,-3.760692030434767e-5,-6.741839067282215e-5,-7.145046438946985e-5,0.00034045894490928696,-0.0002160108105957422,-0.0004823476790433793,-0.00039283046033397953,-4.545773184462232e-5,-0.0002099181088623031,-2.902323378061827e-5,-0.00011169397044520024,-0.00018799642522667316,0.0003310461609878444,0.0006715738631378509,7.259426418944376e-5,0.001001260088646247,0.00023821768002007536,-0.00011797384978100067,-2.0570003258794223e-5,0.00030188219189472744,-0.00022187341988750617,-0.00010972342916011666,-0.00012153700898099758,0.0007072927296068812,-3.971491916433691e-5,-0.000145164488558585,-0.00017680279397436875,3.3363994632521255e-5,-0.00031274134478979606,-0.0002879138339287184,0.0002247037340702583,-0.00015400330851066612,3.116158490147507e-5,0.00020905975897433324,0.0002830969560980066,-0.00038969075744922985,0.00014413342443403648,-0.0003825347918650135,0.00020255640679880062,-0.00015093584946729096,5.126990245829549e-5,-0.00036439947705283794,-0.0001998206594328319,-0.0003823571115833328,-0.0001367250391922764,-0.00013878847203689721,0.0003097745724954321,-3.653843620376765e-5,-0.0001188871246381443,0.00019178334842286676,5.845991430077043e-5,1.970414272201096e-5,0.00029940385950928856,-6.194106397707942e-5,-3.4464855112499236e-5,-0.0001997512146510722,0.04933944097948689
